value,key,value_count,key_count,
1,page,36435000,5641700,
0,styleid,22288937,1386331,
,SearchQuery,18326958,961149,
2,page,9716395,2332029,
true,modal,6498099,996184,
3,page,4673225,741295,
UTF8,ie,4062313,3948908,
crop,fit,3485752,3054793,
5,page,3182471,385875,
webp,fmt,3104568,2027982,
format,auto,2959654,2761334,
4,page,2885175,465761,
it,hl,2856526,863891,
view,p_p_mode,2784644,1544313,
0٫75,q,2671091,2670949,
60,q,2663669,2350620,
3%3A2,f,2560222,2560214,
rb-4.0.3,ixlib,2547018,2544270,
en,uselang,2422733,370937,
twitter,utm_medium,2408941,1260222,
edit,action,2313704,1835070,
10,rpp,2220594,288566,
SEARCH_REFINEMENTS_MODEL_V2%3Afa,modules,2218104,2218104,
xml,format,2173429,2164143,
false,is_phone,1810651,201118,
normal,p_p_state,1694708,1529386,
100,w,1694002,1166137,
activitystream,tab,1671857,1671857,
ltr,td,1611343,1611056,
CLIENT_ID(_),amp_client_id,1595764,1595764,
{{default.session}},mweb_unauth_id,1594052,1594052,
7,page,1583252,202014,
read,action,1521479,1517792,
userprofile.css,sheet,1386330,1386330,
6,page,1354001,268507,
30,Count,1331055,270135,
8,page,1311887,168875,
equals,filtertype,1262617,251766,
16x9,f,1231312,1229897,
16,w,1230700,452650,
9,page,1190484,130654,
1_WAR_miurmulticategoriesnavigator100SNAPSHOT,p_p_id,1169528,1169528,
20,rpp,1166509,205359,
nc,rt,1154664,1154025,
dlvr.it,utm_source,1117038,1111943,
all,type,1103677,502781,
media,do,1083568,1071371,
json,format,1024612,970697,
11,month,1016967,126946,
-1,sort,949795,281498,
12,month,941689,132580,
manage,spoint,940476,940399,
t,more,937305,547356,
15,pp,929973,108592,
fr,lang,915261,213294,
de,lang,913222,230009,
https%253a%252f%252fmarketplace,amp,referredBy,904884,754971
14,m_ENE_gender,885471,136038,
es,uselang,883603,198709,
women,dept,859079,857170,
C,temperature,841557,609568,
75,quality,838720,664613,
files,tab_files,824501,822832,
desc,order,778528,323562,
en-US,language,777131,305801,
asc,amp%3Bamp%3Bo,773904,313261,
subject,filtername,755984,122162,
16%3A9,f,755142,754590,
18,fi,745876,89820,
50,limit,728024,149444,
1200,w,689142,555656,
17,leg,665392,139636,
notizia,tipo,662656,655820,
300,width,658945,277888,
3char,winddirection,658070,658070,
5838a18e295d,apikey,657256,657256,
en_US,locale,639169,515940,
80,q,637974,416460,
mm,precipitationamount,636378,609568,
kmh,windspeed,628215,609545,
13,hour,621932,64006,
social,utm_medium,619739,557737,
http%3A%2F%2Fspecs.openid.net%2Fauth%2F2.0%2Fidentifier_select,openid.identity,603829,301600,
jpg,fm,595661,394304,
140685,app_id,580177,580137,
72,pgesize,579721,288053,
pagination,ref,540516,508724,
640,width,537685,358305,
partner_linkfire,utm_source,525038,525028,
post,c.page,522476,207739,
vault1,lookup,522207,522207,
US,r,518462,170430,
rb-1.2.1,ixlib,500485,499803,
jetpack,source,493156,493092,
KILOMETER_PER_HOUR%2CCELSIUS%2CMILLIMETER,look,489882,489882,
feed,utm_medium,487940,431111,
Twitter,utm_source,479690,435163,
720,w,479364,356170,
32,w,474384,320501,
25,min,469411,78256,
trend,browsefilter,468088,381116,
search,output,467841,179032,
pets+considered,suitability,464953,464953,
64,w,464515,308142,
A,servizio,464413,184592,
referral,utm_medium,461019,419103,
X,sa,458911,418431,
www.thesaurus.com,logindest,458432,419235,
title,amp%3Bamp%3Bs,457612,296416,
https:%2F%2Fstore,origin,457410,457410,
2021,year,457023,392375,
letras,page,454960,454950,
200,width,454876,163148,
nl,uselang,453263,198285,
T,IR,448188,411192,
11_s,ca,446637,446636,
304142,aid,446353,422508,
it_IT,language,445512,215238,
history,tab_details,444655,327688,
48,w,438148,308335,
Prezzo,sort,437994,437870,
22,dlid,432356,110522,
Spesiaal%3AGlobalUsage,returnto,428360,428320,
Original,utm_medium,427361,427111,
2020,year,426223,367824,
HCOM_US,pos,425993,425986,
GS,_Choix,424076,423862,
FFFFFF,T,415259,379707,
listing,from,409546,401558,
user,type,404788,397018,
friends,type,404763,395867,
photos,type,401336,398982,
delete,preselect,398055,395460,
entropy,crop,395013,394918,
Speciale%3AUsoGlobale,returnto,394635,394629,
1000,w,393500,260432,
96,w,392851,342778,
250,height,390202,165603,
download,action,388416,363351,
author,type,386255,102637,
a,D,385466,311486,
tinysrgb,cs,384874,383667,
128,w,380652,343608,
no,parse,379867,77432,
it-it,hl,378698,374397,
40,start,376544,78779,
articolo,p,376217,184340,
1024,w,375686,266305,
19,day,374468,53957,
256,w,373808,345340,
2019,year,373418,272902,
CN,_Choix,370302,344280,
max,fit,367469,353976,
ITA,location,367322,293608,
lanczos-none,interpolation,365579,365579,
Resize,im,359997,359997,
36,pgesize,347638,202828,
210,width,345668,320827,
m,from,342391,139046,
objective-stream,utm_term,342183,342172,
24,day,342087,54541,
90:65,*,crop,341221,341221
around|90:65,fit,341221,341221,
21,day,341029,55325,
Y,x_popup,336734,195401,
share,utm_source,335192,177967,
2022,year,334793,281766,
pageview,event,334298,308958,
31,height,332709,114444,
mdot,prefer_site_type,331184,331181,
reputationchange,sort,331062,331061,
tdot,prefer_site_type,330616,330615,
Spesiaal:Teken_in,title,325717,325716,
default,f,323976,151331,
en_IE,locale,323775,291605,
4695049031,bbn,323568,323558,
en-GB,lang,323518,228566,
500,limit,321840,141457,
USD,locale_currency_code,319757,122867,
Affitto,contratto,318899,318894,
SLink,cid,316286,316285,
6198092031,bbn,316099,315781,
Center,gravity,310462,310446,
infinite_scroller,m,310100,292133,
fanthanks,from,309026,309026,
750,w,309001,288495,
projects,content,305958,297257,
tr,_Lang,305752,64770,
checkid_setup,openid.mode,305683,305231,
http%3A%2F%2Fspecs.openid.net%2Fauth%2F2.0,openid.ns,304288,303868,
375,width,300084,142391,
top,tab,299508,179069,
pt,lang,296601,79964,
67403,boardID,294247,294164,
28,day,293515,53984,
accounts,tab,292909,292895,
47,tipologia,292693,207044,
single_module,p,292514,292514,
black,clr,291040,208266,
1,api_version,290258,237124,
Vendita,contratto,288672,288568,
score,sort_by,286638,284360,
3840,w,285993,252153,
sdt,etsrc,284539,284537,
web,utm_medium,284408,70853,
23,day,283609,55465,
read_more,click_origin,283476,283448,
above_biz_review,placement,277829,277829,
Share,utm_campaign,275078,274841,
itflex,openid.assoc_handle,274399,268295,
360,w,272990,208156,
2018,year,272634,194066,
Spesiaal:SkepRekening,title,271797,271797,
800,w,270062,244700,
header_thes,source,266398,266398,
english,l,266227,176934,
ASC,sort_by,264442,127728,
price,_aspectname,263231,197755,
desktop,device,262398,109003,
ch,iso2,259655,251059,
279,asl,259381,249188,
ru,lang,259190,77092,
slideshow,c.page,258355,108354,
column-1,p_p_col_id,256917,256871,
90,height,253392,53365,
N,sa,251647,66249,
3%3A2%2Csmart,crop,251517,251517,
Europe%2FZurich,tz,251185,251183,
article,view,251034,56435,
Spesiaal:Captcha,title,249430,249430,
business_name,click_origin,249369,249369,
affiliate,utm_medium,247885,205525,
06%252F01%252F2008,minDateAdded,247327,247327,
123,w,246808,217865,
PropertyManager,managed+by,246690,246633,
47٫5584,lat,246622,246622,
7٫57327,lon,246610,246608,
hu,hl,245038,117242,
440,w,244804,109513,
1080,w,243832,182704,
27,day,242922,53498,
pjpg,format,242408,241782,
900,w,242089,72006,
Asia%2FManila,tz,241065,241063,
D,gender,239742,151976,
ph,iso2,239736,239318,
feedburner,utm_source,239728,238530,
600,w,237912,90188,
email,utm_medium,236515,158563,
quote,type,235541,130052,
UTF-8,ie,234618,175655,
on,VRIC_mod,232230,83958,
login,view,231278,74637,
no-foto,args%5Btemplate_base%5D,231044,231044,
strip-1-no-foto,args%5Bstrip_style%5D,231043,231043,
66,ct,230176,155065,
null,sp,229368,105258,
21%3A9,f,229314,229229,
Speciale:Captcha,title,229281,229281,
Owner,managed+by,228084,227975,
4٫1,ver,226218,225046,
ita,language,225818,37700,
20000,storeId,225660,110677,
cs,hl,225621,117451,
HCOM_EMEA,pos,224795,224794,
ar,hl,224465,108460,
other,browserId,224313,210451,
300000025,siteid,224204,224204,
89978449,opi,221598,221597,
aspect-Marca,_aspectname,219600,219600,
4281684031,bbn,217952,217934,
biz_avatar,click_origin,217762,217762,
DESC,sortorder,217564,157825,
new,itty,216847,113942,
45,dlid,215063,57548,
26,day,214817,54262,
ja,hl,214388,49744,
below_biz_review,placement,213914,213914,
toprated,browsefilter,212622,153820,
1920,w,212593,156125,
768,w,211648,109056,
1280,w,211629,165706,
Spezial%3A%C3%84nderungen+an+verlinkten+Seiten,returnto,209777,209777,
activitystream.css,sheet,209314,209314,
0f506f0,$p$f$w,209119,209096,
and,op_1,208602,71861,
29,day,208537,50845,
XX,region,207674,110360,
Main,groupname,207394,151278,
s,conspe,207356,103437,
File_talk%3AArtcile-decision-tree.svg,target,207272,207272,
pl,lang,207076,67727,
c,rt,206184,45820,
Speciale:Entra,title,205827,205827,
location,_aspectname,205771,197803,
2023,year,205271,157713,
Spezial:Anmelden,title,204956,204956,
story,postType,204288,202426,
512,w,204191,199192,
120,h,204005,62726,
hotdetails,goto,203812,203538,
Spezial:Benutzerkonto_anlegen,title,203492,203492,
Special%3ARecentChangesLinked,returnto,203227,203208,
Speciale:CreaUtenza,title,202662,202662,
461,w,202138,196299,
4.6.2,ver,201794,201699,
user_sharing,utm_source,201396,201379,
da,hl,200843,117632,
biz_sidebar,placement,200588,200588,
hr,hl,200394,117194,
eo,uselang,199927,197944,
us,lang,199903,62206,
frontcover,printsec,199272,199251,
272,height,198091,186900,
delivery,_aspectname,197936,197599,
Spesiaal:OnlangseVeranderingsMetSkakels,title,197808,189173,
42,platformId,197800,94831,
globals,_aspectname,197774,197769,
1582627479,d,197734,197734,
rating,orderby,197046,125309,
condition,_aspectname,196866,196587,
date_desc,sort_by,196800,98329,
Social,utm_medium,196442,194685,
album,item_type,194876,186525,
y,onlyfathers,194417,90191,
Special:RecentChangesLinked,title,191870,191859,
owned,utm_social-type,191870,150926,
M3wxMjA3fDB8MHxwaG90by1wYWdlfHx8fGVufDB8fHx8fA%3D%3D,ixid,190721,190660,
1560,w,189895,187025,
shop_grid,ref,188901,188877,
400,w,188722,132683,
Spezial%3AGlobale+Benutzung,returnto,188353,188353,
1605537705067,v,186357,186357,
wbgetclaims,action,185831,185831,
link,utm_medium,185675,50318,
P373,property,185663,185660,
fi,hl,185208,117814,
phrase,rh_type,185119,182993,
1,month,183755,78135,
dateIssued,filter_field_1,182887,81241,
immediafeed,utm_source,182097,182086,
450,h,180966,157677,
2844433031,bbn,179053,178837,
sl1,linkCode,178570,178532,
2048,w,178093,149149,
isch,tbm,177510,121134,
ucepisodelist,more,176985,176610,
IT,_Zone,176056,61672,
news,area,175630,39306,
source,action,175565,172215,
3,month,175411,77826,
spanish,l,173704,125147,
dspv,qscr,173596,173596,
related_bizes,page_src,173569,173569,
6,month,171964,77417,
7061f55,$p$f$h$w,167982,167969,
e6021db,$p$f$h$w,167972,167970,
depl,l,167917,167915,
extraservice,preselect,167603,167603,
el,hl,167217,117575,
61,cf,167164,99497,
16:9,f,166781,163141,
2017,year,166028,76107,
japanese,l,165931,95116,
100000000,count,165561,165498,
3x2,f,164826,164819,
searchresults,from,164449,145669,
828,w,163805,147895,
4,month,163551,97594,
524012031,bbn,162837,162667,
addentry,currentcontrol,161956,161956,
facebook,utm_source,160929,44897,
580,w,160749,106338,
5,month,160067,83623,
vector,skin,159343,157862,
88,width,159279,113910,
rss,fmt,157896,61838,
480,w,157098,88245,
56,pagesize,156883,71330,
2,month,156618,67300,
smoking+allowed,suitability,156476,156476,
men,dept,156298,155776,
384,w,155401,146105,
hi,hl,155236,117502,
gallery,ga_view_type,155223,134098,
101,dirid,154932,61381,
bg,hl,154869,115584,
frag,lt,154541,154521,
7,month,154381,78971,
MMMM%20dd,wsdatefrm,153533,153533,
0,PC,153027,65644,
312,h,152205,138455,
Spezial:Captcha,title,151889,151889,
334,h,151832,145602,
597,w,151542,145315,
track,item_type,151062,138083,
gws-wiz-serp,client,150924,149777,
sv,hl,150755,48031,
jsonp,of,149833,128685,
560,w,149679,140238,
AFF01,PSRC,149575,149562,
138,mw,148332,49662,
photo,component,147950,108345,
Special:UserLogin,title,147941,147940,
popularity,sr_order,147751,133636,
city,dest_type,147207,145327,
51,VRIC_pag,146888,23790,
Dictionary,book,146882,145821,
HAUK,vgdc,146456,146449,
RSS,feedType,145720,75984,
izbira,stran,145698,145698,
ee82183,$p$f$h$w,145051,145050,
organic,utm_medium,144624,118489,
HAUS,vgdc,144555,144544,
reputation,tab,144485,144305,
9,month,143941,77197,
APC,P,143713,143640,
atom,feedformat,143563,62160,
activity,tab,142676,131614,
en-gb,hl,142429,111461,
8,month,142145,74605,
6252001,locationQuery,141679,141625,
350,mw,141393,104557,
contatti,action,140961,140545,
biz_details,utm_campaign,139857,134012,
Residenziale,categoria,139821,139819,
sk,hl,139456,47908,
Special:CreateAccount,title,139337,139337,
main,args%5Bzona%5D,139298,133728,
apple,utm_source,138036,111005,
421,h,138035,132313,
list,rfq,137907,49045,
af,hl,137869,117626,
Lower+300x250,region,137219,137034,
defr,l,136685,136683,
Right1,auid,135526,135340,
fa,hl,135517,107895,
changed,sort_by,135462,134460,
267,height,135411,123597,
ko,hl,135323,48275,
year,s,135291,120323,
item,p,135200,121230,
telegram,utm_source,135106,109197,
39,page,135090,17459,
News,sec,135002,62076,
most_relevant,ga_order,134806,131978,
ITALIANO,language,134295,133994,
deen,l,134039,133271,
autobgallery,preselect,133811,133811,
82,p_p_id,132965,36808,
44,cPath,132893,15904,
type,s,132754,125874,
yes,printable,132639,70285,
APJ6JRA9NG5V4,pf_rd_m,132432,67499,
p,from,132391,50849,
social_organic,utm_medium,131983,131965,
so.smt,utm_term,131690,131690,
_,_,131234,90563,
id,hl,131208,117704,
3581999031,bbn,130210,128240,
41,cPath,129611,10360,
Attivita%27,categoria,129307,129305,
Spesiaal%3AOnlangseVeranderingsMetSkakels,returnto,128990,128174,
Special:Captcha,title,128952,128952,
ro,lang,128930,46806,
38,room,128781,20247,
147,h,128489,94405,
favorites,tab,128463,128322,
2000,w,127885,76304,
Black,clr,127696,124396,
pdf,format,127591,77833,
b,D,126636,36969,
I,tp,126040,31547,
german,l,125937,106057,
datedesc,sort,125875,125327,
33,page,125622,12814,
mobile,utm_medium,125428,112885,
650,w,125321,108298,
he,hl,125314,107893,
54,w,125038,44250,
finduser,do,124401,117306,
zh,lang,124365,50830,
1600,w,123935,74007,
t-shirt,p,123409,121488,
WW,CS,123388,107687,
57,tipologia,122809,48462,
russian,l,122361,103471,
bn,hl,122020,117366,
TN,_Choix,121960,117928,
portuguese,l,121619,113612,
solr_bdl,db,121478,60795,
999,Count,121418,54762,
upload,tab_files,121299,118588,
follow-page,lp,121022,121022,
2014,-facets-date_1,120826,52135,
home,browsesort,120825,46374,
dees,l,120823,120814,
http%3A,redirect,119995,34325,
ZW5fX05FWFQ-,clientId,118922,118922,
EUR,currency,118639,46269,
com_content,option,118279,115097,
35,q,118065,10754,
2015-11-03,from-date,117728,117708,
2015-11-09,to-date,117715,117708,
Turistica,categoria,117651,117632,
maps,continue,117608,100690,
french,l,117476,109607,
gu,hl,117367,117303,
alphabetic,%3Bsort,117238,63654,
.com,utm_source,117143,116828,
authority,filtertype,117059,39637,
_fmt:jspb,async,116445,116445,
fr-ca,hl,115524,115502,
curl,edge,115314,115293,
CBR-TW,utm_source,114846,56941,
SI,voto,114795,103277,
twitter.com,utm_source,114421,113843,
NO,voto,113829,103478,
votes,sort,113765,75426,
16%2016w,w,113651,113651,
2016,year,113500,33593,
es-la,hl,113199,113191,
rasterized,format,112868,112868,
110,w,112653,38567,
catalog,collection,112509,64776,
mostrecent,browsefilter,112266,57141,
84,pagesize,112102,57235,
forums,app,111976,89438,
vBForum_Post,contenttype,111855,111853,
am-et,hl,111741,111741,
ha-ng,hl,111421,111421,
subscriptions,tab,111158,110157,
49,mmc,110935,19516,
597732e,$p$f$h$w,110917,110893,
clipboard-generic,utm_campaign,110744,110732,
print,media,110618,43706,
i,f,110019,24283,
375%20375w,w,109649,109649,
660,w,109589,59973,
pool,Amenities,109408,109034,
S,tpel,109401,44899,
366-8,eapid,109130,104450,
as_li_ss_tl,ref_,109033,108960,
CIVIL,searchRequest.destinationProperty,108293,103722,
G,viewtype,108245,28458,
people,content,107736,52446,
js,ptag,107601,51453,
work_taglist,ref,107018,107018,
multi,clr,106826,79934,
222,height,106317,90525,
italian,l,105995,93552,
spa,-facets-lang_1,105596,32194,
Datei%3AFlag_African_Union.svg,target,105458,105458,
original,format,105305,96382,
collapsed,view,105195,105190,
italy,utm_hp_ref,105108,100119,
polish,l,104809,95511,
sr,hl,104621,45758,
google,map,104619,64155,
vector-2022,skin,104570,104543,
150,w,104495,29504,
280,h,104331,52564,
Social-Distribution,utm_medium,104288,102916,
week,time,104069,55101,
700,w,104001,82308,
53,room,103991,11796,
socialflowTW,src,103787,76536,
1400,w,103729,71911,
1iw4Jq5NZK60Ig7O,apikey,103706,103706,
turkish,l,103519,92180,
DE,r,103311,55589,
it_gov_mef_opendata_portlet_NoipaOpendataPortlet_INSTANCE_k0QJbYynlaqN,p_p_id,103275,103275,
mediaset,partnerId,102930,101970,
getDettaglio,_it_gov_mef_opendata_portlet_NoipaOpendataPortlet_INSTANCE_k0QJbYynlaqN_javax.portlet.action,102876,102873,
191%3A100,a,102679,102679,
not,op_NOT,102513,49245,
dtr,trg,102512,102506,
1010,id,102413,48488,
no+pets+allowed,suitability,102399,102399,
L,viewtype,102396,43342,
products,FROM,102278,93310,
126,w,102249,70048,
header_core,source,102114,102114,
tchinese,l,102110,93864,
Spezial:%C3%84nderige_an_verlinkte_Syte,title,101808,101808,
czech,l,101094,92167,
U,gender,101033,69036,
schinese,l,100728,92254,
css,minifierType,100712,95335,
thai,l,100672,91610,
dutch,l,100291,91865,
lote,M,100137,90953,
price_asc,order,100105,98138,
lakefront,location+type,100007,99974,
True,Quote,99924,27115,
brazilian,l,99910,91777,
JSON,res_format,99819,74313,
34,VRIC_pag,99750,8268,
greek,l,99604,91590,
romanian,l,99593,91481,
P,toll,99227,64703,
finnish,l,99016,91364,
hungarian,l,99007,91682,
180,h,98972,55640,
norwegian,l,98887,92171,
hot+tub,Amenities,98733,98731,
danish,l,98539,91368,
bulgarian,l,98432,91302,
swedish,l,98208,91596,
newest,sort,98193,64870,
webp%20375w,auto,97775,97775,
2003,UrlNotizia,97735,31212,
Autofeed,utm_term,97282,97276,
FR,pids,97112,65212,
koreana,l,96868,91674,
627,w,96766,92766,
AND,lop_5,96550,21330,
0٫6,q,96497,94322,
ReleaseDate,sortby,96493,62725,
486,width,96210,90543,
ukrainian,l,96091,88094,
HP_news,utm_medium,95934,95934,
unauthenticated,reason,95354,95346,
Middle1,auid,95085,94932,
88x31+Markets+Widget,region,95085,94932,
d,ch,94601,38374,
sessionTimeout,errorType,94543,94543,
630,h,94477,81655,
price_desc,order,94361,93016,
Professionisti24,utm_campaign,94080,47646,
expanded,view,93953,93797,
m0GG0c0I0,a1,93945,93945,
P1,T,93282,81890,
336aa8e,$p$f$w,93213,93160,
en-us,ul,93165,47120,
profile,tab,93097,80755,
undefined,ep.user_data.address.0.country,92867,22531,
170,height,92768,66637,
Women,fits,92713,61711,
2015,year,92655,15375,
V,Tipo,92647,30083,
%2F,realm,92562,69814,
H,T,92481,66405,
original1,btn,92127,92127,
55,VRIC_pag,92120,9411,
43,VRIC_pag,92000,8382,
shortener,ref,91921,91915,
ma,a,91561,88819,
160,mw,91292,17812,
420,w,91210,68950,
176,h,91105,47461,
lnt,source,91086,91082,
Cerca,VRIC_Cerca,91085,83959,
37,VRIC_pag,91083,9720,
reviews,tab,91047,41260,
Men,fits,90944,64194,
e30%3D,options,90860,90860,
video,content_type_id,90389,24425,
Business,categoria,90374,89963,
196547,_foo,90291,88788,
si,hl,90186,47702,
deezer.getUserData,method,89618,89618,
dictionary.reference.com,logindest,89533,89504,
channels,lp,89351,89135,
201,dirid,89317,47050,
F,temperature,89265,42738,
acquis,searchRequest.mission,89250,88797,
link_hamburger,utm_medium,89027,89027,
THB,cur,88707,87394,
62,h,88584,30300,
6203,b,88504,87835,
58,VRIC_pag,88091,26334,
day,viewmode,87958,32455,
CRONACA,ssez,87880,85549,
artist_shop_grid,ref,87866,87851,
field_resources%253Afield_format%3A14,amp%3Bamp%3Bf%5B0%5D,87746,16112,
text,dl_t,87629,33666,
twitter-newsfeed,utm_campaign,87455,87455,
fireplace,amenities,87186,87096,
CSV,res_format,87127,86894,
box-articolo-correlato,iref,87122,53475,
2002,UrlNotizia,86777,42868,
eng,lingua,86160,22713,
aspect-Colore,_aspectname,86003,86003,
2013,uri,85935,7150,
204,h,85766,46880,
17557,ciid,85496,84845,
www,domain,85383,63850,
A11IL2PNWYJU7H,pf_rd_m,85260,46132,
prply,a,84784,84605,
appreciations,sort,84458,84446,
177,w,84429,56516,
ListingManager,utm_medium,84334,84278,
so.lmsm,utm_term,84326,84270,
vietnamese,l,84220,75742,
en-US%2Cen,accept-languages,83722,83722,
Reuters.marketHeader.callbackInit,callback,83582,83582,
.DJI%2C.SPX%2C.IXIC%2C.HSI%2C.FTSE,symbol,83516,83516,
lastposter,find,83458,81534,
HANL,vgdc,83360,83360,
99,h,83010,53594,
70,q,82676,15666,
it-US,hl,82559,82558,
2009,-facets-date_1,82332,22394,
loginInterface,action,82315,82315,
latam,l,82314,75743,
facets-author,field_2,81726,26909,
newreply,do,81508,59764,
294,h,80687,35705,
node,destination,80622,45945,
ReplyQuote,method,80579,80579,
e3c1d56,$p$a$q$w,80574,80572,
data_inserimento,ord,80406,80406,
topactivity,tab,79990,79990,
none,el,79921,38852,
handicap+accessible,suitability,79785,79785,
lake%2bview,location+type,79441,79441,
newyorktv_050316,F,79304,79296,
newsletter,utm_source,78957,71878,
46,room,78875,10080,
date_newest_first,reviewOrder,78807,78803,
fisco24_info,utm_campaign,78079,78079,
MeaningQuestion,qt,77976,77630,
bounds,fit,77927,77904,
meaning,ctk,77758,77688,
eyJhcHBfaWQiOjEyMjZ9,ixid,77605,77602,
1800,w,77561,70519,
recent,matchFactor,77300,45693,
leggianche,ref,77144,77136,
76_CREFICH,_Action,76956,76956,
center,anchor,76780,68490,
33d00c4b0378,apikey,76674,76674,
english_us,ltk,76659,76656,
badges,tab,76509,54170,
moneygame,fmsection,76459,41648,
2007,year,76393,11185,
carousel,rel,76355,72316,
Spezial%3A%C3%84nderige+an+verlinkte+Syte,returnto,76307,76307,
uk,hl,76298,20837,
info,action,76226,59896,
a2,rm1,76152,71884,
date,sort,76109,31174,
ms,hl,76104,47871,
23009,regSource,76090,75915,
l,v,76062,55456,
deputati,content,75901,61889,
lnms,source,75832,75669,
Spezial:%C3%84nderige_an_vergleichte_Syte,title,75762,72898,
ger,lingua,75731,20303,
Published,NRMODE,75707,75210,
89,bm,75655,18246,
amp,format,75594,41835,
vi,hl,75283,22746,
active,answertab,75199,37009,
medium,utm_source,74997,28566,
HOTSEARCH,GOTO,74851,74683,
CheckIn,utm_campaign,74683,74678,
comunedimilano,organization,74388,74387,
p1014p:80,url,74138,74137,
logout,action,74123,43926,
start,action,74122,37278,
105,h,74007,18592,
relevant,sortBy,73949,71128,
modifykarma,sa,action,73871,73871
tralbum,from,73824,73824,
white,clr,73811,67002,
2006,year,73617,14834,
social-media,utm_medium,73518,73073,
1100,msez,73504,53573,
-,a2,73478,41994,
sl,_Lang,73422,23469,
Falso,M,73419,73380,
it_unisalento_bandigrandiprogetti_web_portlet_BandoWebPortlet_INSTANCE_dikEL4hJBi0S,p_p_id,73339,73339,
ccl,q,73251,73164,
Venta,contratto,73234,73232,
%2fcris,path,73122,73122,
59,room,73037,10244,
explore_tag_refinement,ref,72793,72793,
%2Fbando%2Fview,_it_unisalento_bandigrandiprogetti_web_portlet_BandoWebPortlet_INSTANCE_dikEL4hJBi0S_mvcRenderCommandName,72638,72638,
FreeQuestion,qt,72626,72284,
320,width,72559,32201,
%C3%85M%C3%85%C5%BD%C3%95%C3%91,__mk_it_IT,72448,72059,
unsplash,utm_source,72396,72081,
368,amp,h,72391,51365
gbs_word_cloud_r,source,72366,72209,
FL,T,72134,68455,
52,room,72111,7774,
UK,r,72011,54305,
[responsive],x2,71958,71958,
ishare,utm_source,71637,71193,
L%C3%AAer%3ABeijing_2008_Olympics_logo.svg,target,71619,71603,
current,current,71495,61335,
rss-feed,utm_medium,71385,71385,
alleyinsider,fmsection,71377,70106,
fre,lingua,71370,20471,
PRIMOPIANO,sez,71250,70624,
179893126,topicid,71211,71211,
search_results,click_origin,71034,70366,
Prodotto,sort,71003,67213,
buy_now,action,71001,70998,
2001,UrlNotizia,70954,26350,
Resaula,tipodoc,70814,70768,
sai,c.vertical,70566,53305,
twitter-account,utm_campaign,70376,70375,
_-,a2,70296,70296,
IdSignInService,service,70290,70289,
host,X-Amz-SignedHeaders,70279,69792,
vertical_0,placement,70031,70031,
bitstream,type,69952,69952,
Account,clientId,69875,69186,
UNSIGNED-PAYLOAD,X-Amz-Content-Sha256,69793,69793,
AWS4-HMAC-SHA256,X-Amz-Algorithm,69792,69792,
DSMT2,utm_source,69561,69561,
menu,rh_type,69559,43696,
93,h,69539,36614,
ogi,linkCode,69370,56762,
cc-by,license_id,69235,69235,
indirizzo,tags,69183,69138,
https%3A%2F%2Fsession%2Fsession%2Fcallback%3Frealm%3D%2F,redirectUri,69153,69153,
103,lid,69064,15129,
sign-in,action,69055,69018,
te,hl,69014,44887,
primopiano,sez,68937,68566,
f,od,68848,41603,
www.bbc.co.uk,ptrt,68822,68729,
2010,-facets-date_1,68806,9606,
creditCopyText,utm_content,68775,65588,
107,id,68632,19624,
n-scene_128,tr,68578,68578,
online_payments_accepted,addon,68558,68558,
any,query,68473,64914,
73,lid,68432,14669,
225,h,68292,39000,
rb-0.3.5,ixlib,68292,68291,
Guest,NRCACHEHINT,68162,67798,
4201,pf_rd_t,68075,67375,
jpeg,format,68069,46725,
False,Print,67938,18024,
twitter_free_finds,init_source,67909,67909,
Basel,city,67821,65918,
109,ele,67777,20115,
qr,utm_source,67488,67437,
navbar-4201,pf_rd_i,67377,67375,
add,op,66875,24828,
5bd1ceefa0e845001aa4d83d,appKey,66866,66866,
homepage,PAG,66806,56155,
HCOM_ME,pos,66733,66733,
310000033,siteid,66690,66688,
Merchant,sort,66684,66678,
desktop-gws-wiz-on-focus-serp,client,66646,66646,
auto,width,66628,50589,
skins.vector.icons,modules,66578,66578,
ALC,P,66239,65995,
profiletracking,utm_campaign,66070,66058,
sssite,utm_medium,66031,65985,
whoposted,do,65962,65955,
nolocation,U,65943,65942,
kid+friendly,suitability,65808,65807,
pageVisit,type,65486,65486,
ads_lnk_delete,ref,65452,65452,
330,w,65432,52344,
category,pl_type,65414,52591,
progressive,variant,65379,65283,
rss-topheadlines,xid,65270,65268,
Segnalazione,subject,65253,65250,
Verkauf,contratto,64976,64971,
AllResources,search_scope,64913,64912,
310,w,64901,55021,
39UPI_V2,vid,64876,64874,
79,lid,64512,15969,
https%3A,REFER,64405,32283,
content,content,64365,33478,
minerva,skin,64357,64340,
74,lid,63948,14068,
u,asc,63927,57043,
240,f,63846,11904,
98,h,63809,9714,
LOGIN,ACTION,63470,63433,
live,env,63436,59379,
http%3A%2F%2Fforums%2Feve%2FOCClient%3Fs%3D70010347%26mod%3D80010347%26csra%3DY,CLIENT_URL,63380,63380,
et,_Lang,63379,23586,
non-smoking,suitability,63179,63178,
1549832382000,v,62969,62969,
publtypeh,filter_field_1,62768,30244,
seniors+only,suitability,62761,62761,
7010,b,62745,62019,
generali,zona,62375,50075,
municipio,tags,62342,61384,
2011,year,62244,5358,
summary,filter,62132,35883,
de_DE,locale,62130,25795,
MSMT,utm_source,62096,62096,
ads_lnk_modify,ref,62070,62070,
299,w,62064,53467,
7-1,cid,61867,61848,
Emendc,tipodoc,61781,61781,
comments,filter,61760,22208,
DTH,env,61715,51423,
Vente,contratto,61685,61683,
em,a,61655,61340,
pt_BR,locale,61579,23942,
detail,from,61518,25686,
total,sb_price_type,61493,33919,
9b37ea6,$p$f$w,61306,61305,
posts,filter,61226,22097,
2004,anno,61072,18474,
slp,channel,60960,59220,
deit,l,60871,60869,
36641,_ricerca_INSTANCE_1Z3aerUld3MO_categoryId,60834,57745,
ads_lnk_promote,ref,60776,60776,
image,type,60638,12933,
166,w,60543,28930,
bounce,preselect,60342,60077,
Error_page,php_event_name,60241,59888,
KARANGA,at_campaign,60038,59572,
backend,.event_logger,60008,59888,
GeoJSON,res_format,59986,59986,
162,soc-app,59932,35437,
Sorry%2C%20the%20page%20you%20were%20looking%20for%20was%20not%20found.,Error_text,59890,59890,
ta,hl,59715,47868,
hs,v,59380,58615,
*,cursor,59117,34104,
71,id,58834,10875,
GB,_Zone,58831,34186,
modular+city+landing+page+%3A%3A+internal+links,intlid,58807,58807,
GBP,change_currency,58661,23746,
stenografico,resoconto,58648,25142,
1500326926000,v,58431,58431,
air+conditioning,amenities,58284,58276,
name,id-auth%5Btype%5D,58243,12500,
118,asl,58239,33890,
4000005,c2,58196,29124,
387,width,58149,44687,
pc%2Ecandidat%2EPoliticaPrivacidad,sClau,58137,58137,
pc%2EReglasDeUso,sClau,58078,58078,
2012,uri,58034,6468,
card,playertype,57875,54726,
230,width,57660,33607,
so.slt,utm_term,57559,57559,
offer@alibaba,domain,57523,57523,
NIL,tags,57492,57487,
SellerListingTools,utm_medium,57423,57423,
nb,hl,57381,47807,
Akamai,cdn-provider,57261,57256,
relationJournal,type,57221,57221,
M3wxMjA3fDB8MHxwcm9maWxlLXBhZ2V8MXx8fGVufDB8fHx8fA%3D%3D,ixid,57013,57013,
tags,tab,56999,51164,
product,type,56911,25560,
Italy,ir,56893,19421,
ny2,datacenter,56734,56734,
108,id,56706,21993,
prev,diff,56564,47725,
internet+access,amenities,56517,56515,
70010347,s,56432,54594,
69,numDoc,56356,8895,
390,w,56310,46023,
instore,context,56135,56134,
prebuyer,user_type,56072,56071,
10051,bid,56062,55323,
hotel,ref_action,56012,17007,
2008,year,56002,7754,
M3wxMjA3fDB8MHxwcm9maWxlLXBhZ2V8Mnx8fGVufDB8fHx8fA%3D%3D,ixid,55931,55931,
questions,tab,55880,55800,
HOTDETAILS,GOTO,55874,55842,
Edgecast,cdn-provider,55791,55791,
feedrecentchanges,action,55716,55714,
1600x1000,s,55613,25228,
143,width,55555,16561,
pt-br,hl,55487,48233,
frontend,utm_medium,55477,55016,
65,VRIC_pag,55385,6608,
168,fcstlength,55285,30070,
simple%2CKILOMETER_PER_HOUR%2CCELSIUS%2CMILLIMETER,look,55246,55246,
M3wxMjA3fDB8MHxwcm9maWxlLXBhZ2V8M3x8fGVufDB8fHx8fA%3D%3D,ixid,55221,55221,
outdoor+grill,amenities,55115,55115,
peoplemagazine,utm_campaign,55097,55056,
340,h,55007,36687,
negative,mode,54910,54108,
Add,COD,54738,54726,
fr_FR,locale,54720,23852,
users,content,54687,54085,
es_ES,locale,54647,23808,
M3wxMjA3fDB8MHxwcm9maWxlLXBhZ2V8NHx8fGVufDB8fHx8fA%3D%3D,ixid,54540,54540,
63,VRIC_pag,54510,6215,
forums:80,returnUrl,54459,54459,
reply,ubb,54363,25714,
styles,only,54111,54095,
WhatsayQuestion,qt,54097,53594,
AUD,change_currency,53931,23907,
M3wxMjA3fDB8MHxwcm9maWxlLXBhZ2V8NXx8fGVufDB8fHx8fA%3D%3D,ixid,53751,53751,
titleform,wpFormIdentifier,53730,53680,
260,sw,53686,18231,
whatsay,ctk,53612,53612,
check_in,pt,53597,53596,
14627,cid,53580,52506,
TWSole24Ore,utm_medium,53508,53484,
all%2CKILOMETER_PER_HOUR%2CCELSIUS%2CMILLIMETER,look,53472,53472,
mostpopular,sort,53382,45043,
account,action,53330,33406,
GR-TW,utm_source,53246,26624,
