key,value,key_count,value_count,
ver,0,14114356,322096,
page,1,13164460,5641700,
w,100,12004334,1166137,
url,,11854496,856377,
id,ugc,11672158,49156,
q,0٫75,10659907,2670949,
p,1,7707369,539799,
f,3%3A2,7685149,2560214,
title,Spesiaal:Teken_in,7006050,325716,
utm_source,dlvr.it,6612976,1111943,
action,edit,6364450,1835070,
hl,it,6345925,863891,
utm_medium,twitter,6097850,1260222,
t,2,5402881,407609,
l,0,4592360,291174,
utm_campaign,Share,4476202,274841,
v,1,4166597,708973,
format,xml,4164010,2164143,
ie,UTF8,4133320,3948908,
cid,SLink,4038485,316285,
auto,format,3934215,2761334,
fit,crop,3925811,3054793,
rh,n%3A411663031,3780092,2084,
s,type,3550777,125874,
tab,activitystream,3538320,1671857,
next,,3450738,156431,
lang,en,3221575,321403,
ixid,M3wxMjA3fDB8MHxwaG90by1wYWdlfHx8fGVufDB8fHx8fA%3D%3D,3188736,190660,
type,all,3177975,502781,
ref,pagination,3153632,508724,
ixlib,rb-4.0.3,3114660,2544270,
width,640,2988178,358305,
from,listing,2912754,401558,
a,1,2820682,168491,
sort,Prezzo,2813033,437870,
filter_id,103,2812917,2234,
_,_,2758379,90563,
modules,SEARCH_REFINEMENTS_MODEL_V2%3Afa,2561447,2218104,
locale,en_US,2294797,515940,
u,,2226806,5233,
pageci,2d23973c-b92c-4aa7-8450-fd33d0ed3726,2218636,30,
h,450,2217515,157677,
d,1582627479,2161884,197734,
fmt,webp,2153113,2027982,
utm_content,creditCopyText,2004373,65588,
year,2021,1958994,392375,
_aspectname,aspect-Marca,1941335,219600,
returnto,Spesiaal%3AGlobalUsage,1932757,428320,
month,10,1913895,134807,
userid,,1907255,2899,
day,20,1859520,56038,
area,1,1840491,729946,
clr,black,1835831,208266,
ts,10,1824924,21200,
returntoquery,action%3Dedit,1795765,17488,
height,272,1663560,186900,
td,ltr,1616313,1611056,
source,jetpack,1615622,493092,
styleid,0,1611371,1386331,
sheet,userprofile.css,1611270,1386330,
target,File_talk%3AArtcile-decision-tree.svg,1607557,207272,
amp_client_id,CLIENT_ID(_),1602712,1595764,
mweb_unauth_id,{{default.session}},1595847,1594052,
uselang,en,1574087,370937,
do,media,1566039,1071371,
room,2,1555353,232589,
p_p_id,1_WAR_miurmulticategoriesnavigator100SNAPSHOT,1553241,1169528,
p_p_lifecycle,1,1551905,1347327,
p_p_state,normal,1548345,1529386,
p_p_mode,view,1544354,1544313,
bbn,4695049031,1513335,323558,
n,0,1465998,294027,
crop,entropy,1445431,394918,
cssuid,0,1384850,1384850,
tag,1,1361097,65504,
i,0,1347121,240146,
tipo,notizia,1345300,655820,
referrer,twitter,1328997,439547,
article,,1317243,4440,
image,search,1296627,10639,
storeid,9359,1287666,51826,
rt,nc,1284930,1154025,
tipologia,47,1278808,207044,
op,1,1275247,26807,
tags,indirizzo,1269611,69138,
sid,,1259528,36345,
o,asc,1255404,246506,
parent,,1247965,42914,
order,desc,1247300,323562,
language,en-US,1214552,305801,
ns,,1142596,31379,
dept,women,1140765,857170,
utm_term,objective-stream,1134549,342172,
aid,304142,1125450,422508,
itok,W67wY4vJ,1115200,30,
_fsrp,0,1109270,1108945,
preselect,delete,1106936,395460,
rev,0,1093507,2672,
b,6203,1083433,87835,
m,infinite_scroller,1079252,292133,
tab_details,view,1062953,712272,
tab_files,files,1060223,822832,
contratto,Affitto,1054745,318894,
$p$f$h$w,e6021db,1016631,167970,
modal,true,1000265,996184,
SearchQuery,,999658,961149,
suitability,pets+considered,995547,464953,
brands,adac,991564,1133,
logindest,www.thesaurus.com,982616,419235,
quality,75,968857,664613,
p_r_p_categoryIds,1177053,966674,58,
categoria,Residenziale,964259,139819,
c,,960870,86785,
sort_by,score,954272,284360,
spoint,manage,940851,940399,
cb,0,906275,209530,
redirect_url,,901194,178015,
r,US,899349,170430,
_Lang,en,894916,186162,
_Choix,GS,889734,423862,
pos,HCOM_US,889282,425986,
user_id,0,883325,99001,
start,0,878299,358982,
placement,above_biz_review,869995,277829,
lat,47٫5584,867422,246622,
ad_business_id,iTaZOb3u2VD2hXYZ72J1HQ,862447,1330,
origin,https:%2F%2Fstore,860971,457410,
query,,853713,300370,
apikey,5838a18e295d,853508,657256,
uri,,850036,76355,
click_origin,read_more,849460,283448,
colourWayId,0,841224,3352,
label,r2r05,838614,9706,
iid,cnn_buildContentRecirc_end_recirc,837686,1092,
ca,11_s,829857,446636,
pn,1,827121,421184,
signature,69C5F9146730B264AE1883D3B09A2136C67DDF82458A4C4BF9BD498F13167773,825306,83,
request_id,5adebafa8f49b9d6,823940,45,
campaign_id,QvtCm9YOfuqWCilPUcmglQ,822817,4232,
sig,ACfU3U2R0laICSHSvosfd2Qy-uM_l9yiaQ,821026,80,
hour,9,818285,92278,
returnurl,,792316,35388,
lon,7٫57327,789810,246608,
slot,0,786944,384157,
limit,100,784874,167681,
section,post,777936,57623,
view,collapsed,777570,105190,
login,1,772409,673204,
post_id,false,769657,3661,
cc,US,765175,52253,
dns,dolly-parton,763424,3023,
blog_id,9٫58154488665899E+017,761359,2048,
minute,0,757299,546512,
amp,referredBy,https%253a%252f%252fmarketplace,754971,754971
more,t,749914,547356,
report_url,adamfitzgerald911,728635,36823,
callback,Reuters.marketHeader.callbackInit,723294,83582,
T,FFFFFF,718676,379707,
pge,0,715408,381359,
sez,PRIMOPIANO,707162,70624,
placement_slot,0,705347,321203,
city,Basel,700876,65918,
content,projects,690416,297257,
winddirection,3char,688053,658070,
windspeed,kmh,684018,609545,
cs,tinysrgb,678773,383667,
_Langrech,en,672060,104732,
browsefilter,trend,671711,381116,
tz,Europe%2FZurich,668182,251183,
tr,n-scene_128,667283,68578,
asl,279,666971,249188,
iso2,ch,664884,251059,
prefer_site_type,mdot,661797,331181,
temperature,C,656409,609568,
facets,news-all,652875,1858,
precipitationamount,mm,652306,609568,
look,KILOMETER_PER_HOUR%2CCELSIUS%2CMILLIMETER,647019,489882,
ffref,hd_lidd_so,646440,4848,
P,APC,644174,143640,
idnet,dHV0dG9tZXJjYXRvd2ViLmNvbS0xNTk3MTA4,630339,36,
clang,it,627260,20608,
mode,quote,626309,98384,
pgesize,72,596111,288053,
input_protobuf_encoded,,592885,11,
pag,2,592352,242444,
app_id,140685,592210,580137,
search,,584007,57693,
Id_Lote,167577680,583835,10,
$p$f$w,0f506f0,573552,209096,
body,1,556203,2777,
sa,X,554676,418431,
location,ITA,546686,293608,
ID,1010,540051,8467,
share_time,1716324407000,539112,12,
s_t,AATAFOVS.DownTheSeriesOfTubes,538707,1,
VRIC_pag,20,536222,32998,
property+type,house,534046,21629,
hrid,m-sLMnCfmCt-NaPLmgImxw,533474,1144,
days,30,527417,147363,
amp,1,523683,381486,
lookup,vault1,522256,522207,
local,XPdQnn,522209,179,
leg,17,521590,139636,
location+type,lakefront,519193,99974,
srch,0,518795,157731,
productId,1016,518023,17125,
ct,66,516333,155065,
gridsize,4,514427,290448,
totalstyles,100,514368,2347,
rpp,10,511400,288566,
sh,0,509830,273430,
vgdc,HAUK,509751,146449,
preferlocale,true,504854,504849,
pid,businessinsider,503956,18410,
returnUrl,forums:80,503528,54459,
sortdir,0,501782,418290,
uuid,,499496,10513,
redirect,,498046,133266,
region,Lower+300x250,497746,137034,
qt,MeaningQuestion,488180,77630,
idd,0,487394,42924,
src,socialflowTW,484392,76536,
md5ChecksumParam,926750045dc7ebd482a3a49385579c35,482677,4712,
click_key,944f028c6e9d2cba1b4e4e3a69f37cdfab9456ca%3A1451427441,480706,95,
iframe,1,480380,463010,
click_sum,3590920b,477754,95,
imageid,,477220,122,
ved,1t%3A200715,474708,3087,
managed+by,PropertyManager,474608,246633,
_Keyword,,473100,2831,
method,deezer.getUserData,471024,89618,
C,0,471023,379707,
simplified,true,470283,470278,
I,,466306,394040,
ijrh,96092548761427,466177,51,
sca_esv,cffb14c57240920f,465125,10664,
img,1,463632,266420,
version,1,462635,100136,
dgv,,460982,18,
bust,adv_gda_virgilio,460704,408,
etal,0,459151,288587,
tipodoc,Resaula,458087,70768,
music_url,beautiful,454988,51,
cas,,452433,148,
idtmw,874025,451842,64,
a1,m0GG0c0I0,445282,93945,
a2,_-,445122,70296,
f%5Bauthor%5D,1,444948,6611,
cat,1,443935,66922,
D,a,436272,311486,
libera,,433998,3582,
pay,0,428046,310917,
gl,it,427383,404596,
dpr,1,424586,346947,
F,newyorktv_050316,422002,79296,
searchtype,0,417828,359420,
IR,T,415626,411192,
linkCode,sl1,415045,178532,
fm,jpg,410906,394304,
filter,all,396968,68928,
_Secteur,,396835,17944,
lid,22,395881,49566,
requiredtags%5B0%5D,english,393721,25550,
clientId,ZW5fX05FWFQ-,390454,118922,
siteid,300000025,389990,224204,
Start,1,385984,114580,
utm_hp_ref,italy,384798,100119,
zoom,1,384129,146786,
Count,30,380111,270135,
psc,1,379764,378527,
skin,vector,379720,157862,
_csrf,2Q74E1832K54QPORCM6V3CS87T48RTY5,378451,66,
time,all,374560,62367,
impolicy,crop,373887,356383,
idarticolo,284782,373102,277,
cl,1,373084,326446,
fmsection,alleyinsider,369338,70106,
S,Vero,369107,31895,
item_id,688853505,368834,395,
groupname,Main,368330,151278,
cp,0,367144,259519,
line,1,366979,6081,
client,gws-wiz-serp,366888,149777,
im,Resize,365878,359997,
interpolation,lanczos-none,365579,365579,
slide,1,364929,36982,
amenities,fireplace,363968,87096,
st,0,363878,93738,
item_type,album,361965,186525,
_Zone,IT,361384,61672,
pl,1,359370,9370,
stamp,2,355888,304031,
voto,0,354147,111752,
goto,hotdetails,350476,203538,
from_sharekit,true,350128,350128,
pagesize,15,348062,97523,
_Locality,New%20Delhi,344282,6097,
smtNoRedir,1,338798,338788,
amp%3Bf%5Bauthor%5D,146,338063,17257,
pv,1,335583,309705,
uid,,329160,3087,
name,CaricaOggetto,328201,16809,
eapid,366-8,326046,104450,
photo,1,320805,5979,
auid,Right1,318279,135340,
c.vertical,sai,318142,53305,
c.author,Joe+Weisenthal,317718,7282,
oggetto,0,317535,1917,
c.page,post,316629,207739,
c.tag,goldman,316536,4295,
purchase,1,316132,316120,
purchaseid,00000208-894e-0201-c5e0-571558580850,315829,43,
rbs,,315537,3282,
autoplay,true,315241,185297,
ei,356510,314913,355,
event,pageview,314519,308958,
openid.return_to,,314105,9215,
amp%3Bamp%3Bf%5Bauthor%5D,1,314057,67034,
amp%3Bamp%3Bo,asc,313261,313261,
f[0],hotelfacilities%3A1,313137,8520,
gravity,Center,310446,310446,
gridrow,1,309810,24823,
gridcolumn,1,309769,80523,
page_src,related_bizes,309384,173569,
orientation,0,308671,304147,
amp%3Bamp%3Bs,title,308179,296416,
postType,story,306825,202426,
openid.identity,http%3A%2F%2Fspecs.openid.net%2Fauth%2F2.0%2Fidentifier_select,306768,301600,
output,search,306014,179032,
openid.mode,checkid_setup,305724,305231,
th,1,304579,300140,
openid.ns,http%3A%2F%2Fspecs.openid.net%2Fauth%2F2.0,304478,303868,
languageId,it_IT,303679,158629,
IsFromSearch,1,303514,303500,
size,230x230,303454,44350,
extras,MTAwNzQ5NDA%3D,302638,1498,
openid.claimed_id,http%3A%2F%2Fspecs.openid.net%2Fauth%2F2.0%2Fidentifier_select,302586,301372,
openid.assoc_handle,itflex,298778,268295,
N,D,298728,18518,
p_p_col_count,2,296692,236592,
filterquery,no+fulltext,295121,3136,
colourwayid,60301697,294366,31,
boardID,67403,294169,294164,
maxArticles,5,294164,294164,
callBack,jsonp1449579408098,294164,2,
minDateAdded,06%252F01%252F2008,294164,247327,
count,100000000,293432,165498,
v1,D%3DpageName,293198,7912,
subject,Segnalazione,293106,65250,
res_format,CSV,292358,86894,
args%5Bcolonne%5D,1,292134,248615,
args%5Btemplate_base%5D,no-foto,292132,231044,
args%5Boffset%5D,5,292132,231447,
args%5Brighe%5D,5,292132,274022,
filtertype,equals,291430,251766,
filtername,subject,291409,122162,
posredirect,true,290468,290468,
idm,0,289474,49448,
domain,www,289423,63850,
sb,1,289335,59214,
args%5Blimite_paginazioni%5D,1,288574,246422,
service,IdSignInService,288052,70289,
key,JJHDC7UK73EH,285293,33530,
cd,0,285121,102191,
etsrc,sdt,284540,284537,
setLanguage,en,283293,283108,
filter_field_1,subject,283216,86487,
filter_value_1,Italy,283215,15718,
filter_type_1,equals,283215,250714,
oldid,0,282919,1273,
replytocom,11,282566,48,
hidebots,0,281851,163582,
snr,1_8_4__503,281470,34218,
idc,0,281369,27191,
appid,0,280592,15606,
link,,278241,18623,
max,50,277781,79702,
qscr,dspv,276215,173596,
share,1,273976,97960,
offset,0,273717,35265,
dlid,22,273144,110522,
wpv_view_count,18339-TCPID834,273138,31919,
change_currency,HKD,272624,24001,
programGuid,{{guid}},271830,6733,
redlink,1,271242,270733,
authuser,0,271177,270874,
srpvid,4f1da291303601a1,270605,333,
idContent,{{idMessage}},270427,485,
args%5Bquanti_approfondimenti%5D,2,270015,248643,
args%5Bmostra_firma%5D,1,270015,266465,
txt,1,269729,973,
gamerTag,Knapsack%20plus%201,269146,108,
numperpage,9,267935,77993,
cPath,206,267015,18754,
rh_ident,tour_guide,266057,2647,
ltk,english_us,265974,76656,
tvobjectid,195502,265553,5129,
Id,%K,264871,3909,
args%5Bmultilink%5D,1,264389,264389,
Name,,264051,422,
return_url,,263744,103674,
p_p_col_id,column-1,263390,256871,
resize,768,263252,38070,
browsesort,trend,259891,82298,
rh_type,phrase,257904,182993,
psi,Xx6SYp_4Kr7DuvQP_YGWkAg.1653743203087,257466,11,
xssi,t,257130,257130,
Expand,2,255092,1797,
api_version,1,254646,237124,
g,us,254358,36477,
sp,null,253495,105258,
args%5Bmostra_testatina%5D,1,252751,252751,
input,3,250171,237138,
loc,https%3A%2F%2F%2F,249957,6587,
cat1,1,249695,170117,
grid_pos,1,248142,3340,
browserId,other,247719,210451,
args%5Bexclude_id%5D,,245873,1577,
gender,D,245727,151976,
lingua,1,242266,39027,
path,%2fcris,242051,73122,
hidemyself,1,241333,222574,
args%5Bstrip_style%5D,strip-1-no-foto,240975,231043,
async,_fmt:jspb,240422,116445,
foto,1,240086,140765,
p_p_col_pos,1,240082,236776,
activity,rating,239150,65127,
pp,15,238940,108592,
api_token,,237397,105549,
awc,16331_1560132859_67aa35c81b18433c84171bcd63c2033b,236695,75,
brand,people,235924,45707,
openid.pape.max_auth_age,0,235173,211024,
yv,3,234361,234358,
langid,2,233537,201775,
hideanons,1,233269,215300,
filter_type_2,equals,232766,209350,
filter_field_2,subject,232766,88299,
filter_value_2,Giunta%2C+Anna,232765,8792,
entity,cms%2Fonecms_terms_people_24,232593,8432,
hotelid,12887,232444,125,
linkId,efa2734e2dfe346636e8051ce7a14136,232253,1109,
to,,231857,36180,
subscribe,why-not,231627,1193,
f%5B0%5D,field_resources%253Afield_format%3A14,231020,15800,
hideminor,1,230072,211507,
min,25,229871,78256,
pf_rd_p,777204027,228418,6494,
pf_rd_r,WVY6SF545EPBZ7KKZ4ZR,228175,225,
ptrt,www.bbc.co.uk,227547,68729,
qs,,227545,45233,
lp,follow-page,227304,121022,
property,P373,227287,185660,
category,Cronaca,227046,8940,
pg,1,225983,17825,
opi,89978449,223492,221597,
tbm,isch,223248,121134,
LG,en,222282,53887,
request,,221985,7854,
redirect_to,,221644,16397,
dir,0,221459,42470,
servizio,A,220892,184592,
avataritemtype,13150,220297,26657,
GOTO,HOTSEARCH,220147,74683,
anno,2004,219914,18474,
ssez,CRONACA,218242,85549,
xref,,217844,10917,
option,com_content,216498,115097,
va,,215434,9883,
M,lote,215159,90953,
node,412600031,215002,48467,
file,,214259,8634,
msg,fail,214146,16743,
checkout,1,211891,47251,
f%5B1%5D,field_resources%253Afield_format%3A14,211491,12073,
wpv_paged,2,211375,58799,
igshid,YmMyMTA2M2Y,211335,43937,
k,Y,208593,28013,
ugcId,CWCHECK_REP_VIEWS,208405,401,
lr,,208020,168927,
Amenities,pool,207812,109034,
app,forums,207443,89438,
minifierType,css,206957,95335,
explicit,1,206854,206496,
Cat,,206840,202164,
imgid,oMpAz-DN-9I,206558,1799,
dv,Roma(RM),205452,4477,
map,1,204642,71829,
tskay,6383154F,204525,43935,
mw,350,204493,104557,
pagina,1,204385,82771,
noshow,true,203530,203526,
_1_WAR_miurmulticategoriesnavigator100SNAPSHOT_categoryIds,20584,202850,302,
variant,progressive,201895,65283,
USER,,201800,54093,
fcstlength,72,201749,90467,
merchtext,Offerta+Speciale!+Solo+per+clienti+di+Best-Hotel.it+!+!+!,201326,20262,
is_phone,false,201262,201118,
ref_,as_li_ss_tl,201060,108960,
areaid,20006,200505,29932,
Board,pensioni,200502,25519,
xchk,f90754e760,200376,167,
printsec,frontcover,200338,199251,
rffrid,aff.hcom.US.038.000.1100l95727.kwrd,200021,23451,
Page,1,199532,68251,
assetTypeId,1,199474,171038,
shotId,0,199470,42062,
ipp,10,199260,133349,
toll,A,199203,134094,
eventid,AI,199202,434,
ciid,17557,198859,84845,
ENE_COUNTRY,25042,198457,41021,
m_ENE_gender,14,198339,136038,
gs_pcrt,2,197650,104601,
articleid,5,197067,7,
htid,17986,196888,122,
co,,196886,26958,
rnkdmnly,1,196180,196180,
group_adults,2,196164,140483,
word,vaccine,196161,448,
x_popup,Y,195403,195401,
ENE_M,4294967068,195176,695,
YOOX,DIESEL,195158,685,
nc,,194997,109471,
ipp_old,10,194408,132704,
ctk,meaning,193706,77688,
no_rooms,1,193127,185065,
appKey,5bd1ceefa0e845001aa4d83d,193039,66866,
autore,0,191047,44764,
rq,1,188951,188792,
reg,,188608,26384,
wt_mc,2.www.tw.rainews24,188343,29911,
params,5,187241,30401,
cuid,1331191639,186976,12,
data,%7B%7D,186237,9241,
index,,186137,38858,
af,1,184859,177556,
fi,18,184448,89820,
province,NA,183555,1710,
amount,1000,183125,16042,
hidecategorization,0,182637,133120,
tbs,lr:lang_1it,182346,11976,
idservizio,387078,181960,18957,
sts,1,181555,180674,
fbclid,PAAaZp1lsFUZYTTS5GDkeq6EpA54ewQNvt-CBhFITx95Vkt6gof7savFmYtnM,181428,299,
social,view,179804,95710,
locationQuery,6252001,179691,141625,
dmTs,322604,179337,326,
dmV1st,2523DE8A5046BBEFE4A54545705C975A,179311,326,
iq,,179095,1174,
destination,node,179055,45945,
tp,p,178228,41591,
pseudoid,0,178133,66195,
pro,1,177804,120717,
Number,,177565,1312,
item,2,176936,5036,
rnd,1,176891,1026,
channel,slp,176650,59220,
bypass_hier,,176048,176048,
idu,0,175949,160662,
mdc,6,175720,31515,
group_children,0,175132,161567,
starts_with,I,174906,6560,
zona,generali,174873,50075,
env,live,174782,59379,
f%5B2%5D,field_resources%253Afield_format%3A14,174521,8189,
symbol,.DJI%2C.SPX%2C.IXIC%2C.HSI%2C.FTSE,174161,83516,
issn,,173763,1875,
titolo,0,172939,109769,
book,Dictionary,172668,145821,
tglmdl,1,172231,172231,
themeId,pugliaSalute_WAR_pugliaSalutetheme,171472,43533,
platformId,42,171238,94831,
dest_id,-2403010,170276,5388,
direction,desc,170131,93319,
position,0,169837,32784,
edge,curl,169714,115293,
lic,7,169243,136773,
dest_type,city,169061,145327,
zoneid,,168048,25397,
Rf-400,53,167723,8341,
episodeid,0,167009,82,
sortBy,relevant,166859,71128,
strLocid,31NDJ2dDMxMGNORGd1T0RVMk9EUT1jTWk0ek5URXdOdz09,166527,997,
Rf-300,1944,166489,4296,
num_foto,0,166286,54865,
PSRC,AFF01,165513,149562,
verso,,165377,148854,
imgtk,AFLRE71LEJvpV-Yw38a4nF8TZvp7SbLb5YGXsDhk8iRuo_rob7RFqk_6RiPFoSejGkNZ0mdOd8MOFYpp_3wMujXTU4wayIOD3cihNZDUCWsEAtc5cQLEBVcV8X0YKr9iubtWlEnRlJK4,165307,2,
rfrr,HOT.TG.Module.Map,164575,17248,
ReturnUrl,,164538,57542,
checkin,2024-02-03,164516,6188,
idCategory,707,164161,36299,
sr,1600x1000,163451,19636,
groups,educ,163181,21846,
utm_social-type,owned,163153,150926,
lt,frag,162815,154521,
v2,D%3Dc2,162133,1988,
currentcontrol,addentry,161956,161956,
refine,23!:!zuliani,161699,1262,
keywords,,161630,11476,
CP,EUNS_AFF_AWIN_ES_759267_httpsofertonesyopinionescom_174483,161605,22724,
cat_context,women-clothes,160910,38318,
args%5Bzona%5D,main,160540,133728,
stran,izbira,160497,145698,
prcValue,%3E%3D+19.00,160140,11588,
sortorder,DESC,159903,157825,
site,MensHealth,159497,39961,
idoggetto,775705,159379,11782,
request_uuid,-2YkMKqMG5u6tH-RMXxwRiGQ7J1d,158889,2,
cdn-provider,Akamai,158887,57256,
Itemid,1,158662,10129,
term,none,158129,1133,
perPage,20,157846,147753,
topicid,179893126,157381,71211,
wsdatefrm,MMMM%20dd,157336,153533,
requiredtags%5B1%5D,english,157199,10173,
ENE_gallery,4294931851,157139,20540,
referer,,156866,21586,
idm1,0,156617,14,
permalink,,156164,128812,
sezione,assemblea,155432,19257,
collection_id,3148,155384,21073,
sec,News,155222,62076,
layout,2,154838,65850,
req_adults,2,154652,109198,
ucfs,1,154555,154555,
continue,maps,154508,100690,
req_children,0,154053,142619,
list,all,153933,29270,
pt,check_in,153696,53596,
customMask,,153469,153406,
of,jsonp,153298,128685,
param_order,CNTRY-CN,152905,12345,
return_to,find-and-update,152832,11664,
cur,THB,151379,87394,
ps,13,151245,23315,
hpos,1,151220,9097,
hapos,1,151166,8933,
_Version,4341947261510,151078,1739,
srepoch,1714682848,150614,100,
sr_order,popularity,150472,133636,
component,photo,150061,108345,
referredBy,https%253a%252f%252fmarketplace,149912,149911,
authority,journal30278,149757,167,
imgurl,2.bp.blogspot.com,149672,2264,
cpn,1,149652,141706,
exportCountry,US,148649,821,
parentReaction,883f3bdf-5e0c-460a-a4f2-25c678e42ca9,148613,20,
L,en,148452,40607,
id_pagina,,147978,1042,
tbk,237812,147974,70,
arphpl,1,147699,147699,
orderby,rating,147016,125309,
postid,13646132210A95550100,146355,93,
backButtonPath,bio-oder-freilandpouletfleisch%3Freply%3Dc132c300-f2fb-11e4-a7a7-33da342c6149,146342,12,
module,post,146220,48755,
pr,,145685,81791,
idNews,3326,145637,694,
_id,697ADA1B49B540E6B75B799094EE9062,145399,1091,
hilight,50901,145271,1379,
mid,498,144683,1089,
c1,casa,144108,33607,
date,27,143924,791,
noforce,true,143807,143807,
noSplash,1,143756,143755,
ind,,143502,108795,
dizionario,1,143471,49481,
smcid,ma,143081,319,
prezzo,1,142682,130879,
-facets-author_1,Mazali%2C+Gustavo,142569,19046,
args%5Btag%5D%5B0%5D,covid,142370,6925,
auth,0,142332,970,
ord,data_inserimento,141427,80406,
sectionId,IlSole24OreNotizie_BRW,141361,38861,
style,mens,140743,27177,
timetohighlight,28800,140278,10169,
nonce,123454321,139916,52293,
filter4_id,3-0-21,139855,19650,
force,true,139843,136117,
args%5Btag%5D%5B1%5D,covid,139124,4572,
p_auth,ZTWGbIh4,138704,78,
ipn,1,138350,53635,
apn,1,138247,88707,
all_sr_blocks,0_0_2_0_0,137977,496,
idUser,0,137614,124947,
thn,0,136965,136808,
ga_search_query,,136580,32627,
qid,,135983,1072,
utm_brand,vanity-fair,135554,44810,
partnerId,mediaset,135209,101970,
from-date,2015-11-03,135081,117708,
rs,1,135059,77900,
CS,WW,134952,107687,
X,50,134748,16,
filter_type_3,equals,134389,134379,
filter_value_3,Zanettini%2C+Yuri,134389,4076,
filter_field_3,subject,134389,106839,
Brand,14487,134218,3995,
ga_search_type,all,134175,130832,
ga_view_type,gallery,134110,134098,
to-date,2015-11-09,133873,117708,
_PaysUser,US,133810,94236,
highlighted_blocks,0_0_2_0_0,133761,496,
nolsbt,1,133530,133530,
urn,urn:nir:regione.emilia.romagna:legge:2003-03-12,2,133497,685
TOPIC_ID,37759,133391,1132,
ga_order,most_relevant,133286,131978,
matching_block_id,0_0_2_0_0,133162,496,
-facets-date_1,2014,132573,52135,
language_code,es,132534,58309,
sr_pri_blocks,826475402_347119416_2_2_0__11000,131842,120,
project_id,4,131604,128038,
ampMode,1,131519,126657,
answertab,oldest,131345,37036,
partner,contextstory,130913,23451,
pq,forge,130434,2044,
f%5B3%5D,field_resources%253Afield_format%3A14,130404,5750,
SWF,2,130395,130313,
locale_currency_code,USD,130379,122867,
at_medium,RSS,130250,61423,
x,0,130237,11771,
ms,7,130070,127842,
at_campaign,KARANGA,129828,59572,
nm,5,129607,86561,
webp,true,129589,129575,
redir,true,129309,4779,
aff,erelexpmlt,129041,48281,
marca,0,129032,98548,
s1,0,128673,127525,
s3,0,128479,127221,
content_type_id,articolo,128464,93817,
content_item_id,2103706,128463,600,
bannerid,0,128350,43076,
diff,prev,128103,47725,
art,283155,127861,78,
id_screenshot,,127840,750,
s5,0,127796,127401,
appHubSubSection,1,127664,45697,
amp%3Bamp%3Bf%5B0%5D,field_resources%253Afield_format%3A14,127503,16112,
z,5,127486,91398,
jGroupSelector,true,127288,127288,
ids,25985060,126929,7482,
redirect_uri,,126715,27798,
editore,0,126463,65006,
currency,EUR,126043,46269,
fits,Men,125942,64194,
codice,17,125801,679,
task,view,125798,44867,
post,forum,125676,1360,
IDAzienda,,124815,75,
giorno,,124271,7457,
amp%3Bf%5B0%5D,changed%3A2018-03,123421,6598,
pf_rd_s,slot-5,123318,20442,
purl,www.wittytv.it,123298,21003,
pf_rd_t,4201,123260,67375,
pf_rd_i,navbar-4201,123243,67375,
deferredFl,1,122751,122703,
pref_language,en-US,122623,114658,
ofp,EAE,122357,44506,
args%5Btag%5D%5B2%5D,ultima+ora,121789,4359,
prg,20,121705,85,
ssrc,site_switcher,121581,51504,
tm,0,121565,38351,
PHPSESSID,bq7vpegc6ema05bo9hm7oam374,121298,3800,
fix_out,,121060,1553,
igsh,OGQ5ZDc2ODk2ZA%3D%3D,119735,1038,
cod,ent,119726,6765,
filter_field_4,subject,119498,98633,
filter_value_4,Organizational+innovation,119498,3131,
filter_type_4,equals,119498,119498,
context,instore,119456,56134,
pf_rd_m,APJ6JRA9NG5V4,119456,67499,
vid,39UPI_V2,118862,64874,
forum_id,20,118246,16364,
ICID,OP,118240,8231,
-facets-author_2,Bordiglioni%2C+Stefano,118046,5270,
kpi,,117464,33718,
urlarticolo,https%3A%2F%2F%2FAMP%2Fprimopiano%2Fgaza_ostaggi_fine_guerra_israele_hamas_cosa_succede_ora-8097809.html,117379,20,
sezionefull,Ancona,117369,15680,
tid,G-MFT2R11DFX,117368,38646,
contenttype,vBForum_Post,117300,111853,
client_id,6oVj1comRlGtGamiOamwDArIbVgGcKrA,116980,28450,
downloadType,GameAddon,116573,38338,
itty,new,116262,113942,
sClau,pc%2Ecandidat%2EPoliticaPrivacidad,116230,58137,
shtl,1,115890,115886,
idnotizia,6370,115574,10,
campaignid,0,115511,43065,
idChannel,7,115370,13727,
vcc,3099200,115279,13585,
configId,tgcomweb,115088,44637,
cf,61,114853,99497,
storeId,20000,114776,110677,
UrlNotizia,2002,114544,42868,
bid,10051,114096,55323,
showtopic,491674,114055,2452,
hash,MHGuyContest,113985,2463,
device,desktop,113887,109003,
gallery,1,113357,8139,
_encoding,UTF8,112985,112939,
code,%23photo.getSEOPageID%28%29,112818,3039,
ctp,2,112790,35199,
hideliu,1,112530,105277,
sortby,ReleaseDate,112471,62725,
REPLY_ID,0,112404,1352,
Collapse,2,112234,972,
citta,,111558,1737,
prkw,biografie,111350,2453,
loid,,111292,14849,
id_tipo,0,110906,92565,
available,0,110840,106013,
searchRequest.radius,3,110718,100695,
chkin,1,110599,3898,
reason,unauthenticated,110566,95346,
frs,1,110533,110474,
fascia_prezzo,0,110392,105294,
recensioni,0,110371,110366,
impression,Vzl6eFN4eHZRNFNQTGN2VzI3UTE3Wk1sckM1cEpJOE1tY3drNEhHNm1DMTlYNkFQZDJ3YzVBPT01,110028,60,
novita,0,109990,108960,
iref,box-articolo-correlato,109654,53475,
id_caratteristica,0,109489,103828,
id_certificazione,0,109478,107027,
searchRequest.mission,acquis,109319,88797,
irgwc,1,109196,77236,
creative,23734,109053,48328,
Date,2004-06-03,108922,2457,
exp,0,108702,62441,
fp,2,108655,30223,
fascia_pubblicazione,0,108490,103552,
dirid,101,108431,61381,
pictureSize,normal,108408,107541,
accountUuid,af3948e8-91a6-47bc-9294-4d10d8bf3f1e,108399,2,
topic_id,,108251,17631,
PC,0,108165,65644,
percboll,,108043,108040,
dq,editions:LCCN28017744,107733,1220,
country,US,107625,21766,
collapse,572,107597,408,
error,default404,107438,21750,
id_file,22897,107305,25,
assetId,835046,107236,18,
searchRequest.destinationProperty,CIVIL,107068,103722,
catalogId,20000,106778,103695,
token,F96WlOd8yoFmLQgiqv6fNQRvHZcsWk5jDaYnDvhbiJk,106762,24665,
forumid,5,106693,6364,
idLegislatura,17,106393,64892,
amp,h,368,106278,51365
id_doc,,105995,21073,
xid,rss-topheadlines,105989,65268,
_ricerca_INSTANCE_1Z3aerUld3MO_categoryId,36641,105704,57745,
sort_order,desc,105555,50171,
detected_currency_code,USD,104938,97345,
noredirect,1,104402,103956,
gift_card,1,104365,99572,
ncid,other_twitter_cooo9wqtham,104171,32944,
_it_gov_mef_opendata_portlet_NoipaOpendataPortlet_INSTANCE_k0QJbYynlaqN_id,EntryStrutturaOrganizzativa,103706,6325,
conspe,s,103437,103437,
ch,d,103434,38374,
sca_upv,1,103413,103413,
categoryId,,103217,3215,
applicationId,PEF32A63C-73B3-4669-94C0-42D269C38AA6,103151,38862,
propertyId,,103113,18,
value,0,103109,2943,
_Action,76_CREFICH,102910,76956,
camp,3414,102885,51284,
_it_gov_mef_opendata_portlet_NoipaOpendataPortlet_INSTANCE_k0QJbYynlaqN_javax.portlet.action,getDettaglio,102873,102873,
trg,dtr,102578,102506,
logoutdest,http%3A%2F%2Fdictionary.reference.com%2Fbrowse%2F+rich+%3F,102506,1,
pageId,webcs-yourorder,102505,10411,
dt,1,102285,30979,
hotelId,182220,101993,93,
ab,%7B%22translation_profiler.profiling%22%3A%5B%22on%22%2C%22x%22%5D%2C%22translation_profiler.logging%22%3A%5B%22on%22%2C%22x%22%5D%2C%22translation_profiler.backend_event_logging%22%3A%5B%22on%22%2C%22x%22%5D%2C%22localization.everywhere_removal%22%3A%5B%22off%22%2C%22x%22%5D%2C%22international.languages.el%22%3A%5B%22off%22%2C%22x%22%5D%2C%22international.languages.pl%22%3A%5B%22off%22%2C%22x%22%5D%2C%22security_rule%22%3A%5B%22on%22%2C%22x%22%5D%2C%22sigsci_agent%22%3A%5B%22on%22%2C%22x%22%5D%2C%22embedsy%22%3A%5B%22off%22%2C%22x%22%5D%2C%22csp%22%3A%5B%22off%22%2C%22w%22%5D%2C%22blog_cookie.bootstrap_cookie_minting%22%3A%5B%22on%22%2C%22x%22%5D%2C%22perf_aa_1%22%3A%5B%22off%22%2C%22w%22%5D%2C%22perf_aa_50%22%3A%5B%22on%22%2C%22w%22%5D%2C%22admin_toolbar%22%3A%5B%22off%22%2C%22x%22%5D%2C%22enabled_locale_subdirectories%22%3A%5B%22off%22%2C%22x%22%5D%2C%22fei.asset_cluster%22%3A%5B%22on%22%2C%22x%22%5D%2C%22affiliates.publishing.user_publishers%22%3A%5B%22off%22%2C%22x%22%5D%2C%22merch_stash.admin_toolbar_button%22%3A%5B%22off%22%2C%22x%22%5D%2C%22localization.locale_overlay_redesign%22%3A%5B%22off%22%2C%22w%22%5D%2C%22simplified_locale_experience%22%3A%5B%22off%22%2C%22x%22%5D%2C%22buyer_invites_recipients%22%3A%5B%22on%22%2C%22x%22%5D%2C%22buyer_invites_senders%22%3A%5B%22both%22%2C%22x%22%5D%2C%22buyer_invites.sender_currencies.USD%22%3A%5B%22off%22%2C%22x%22%5D%2C%22intelligent_item_reporter_overlay%22%3A%5B%22on%22%2C%22x%22%5D%2C%22fei_fontloader%22%3A%5B%22off%22%2C%22x%22%5D%2C%22perf_navigator_sendbeacon%22%3A%5B%22on%22%2C%22w%22%5D%2C%22refactored_footer%22%3A%5B%22on%22%2C%22x%22%5D%2C%22new_event_logger%22%3A%5B%22on%22%2C%22x%22%5D%7D,101806,9223,
no,,101696,14099,
ida,0,101338,1576,
ctx,web6dot0,100892,15756,
form,0,100876,97697,
theater,true,100839,100695,
searchId,770874b54df34dacd0eae5995e0f0aab,100818,584,
cod_annuncio,2615,100717,5,
U,nolocation,100604,65942,
xtor,AL-73-%5Bpartner%5D-%5Blebanon.post%5D-%5Blink%5D-%5Barabic%5D-%5Bbizdev%5D-%5Bisapi%5D,100584,9619,
video,v3,100480,10497,
mese,12,100474,11236,
en,lwetihge,100205,41790,
filter_value_5,D230,99284,1838,
filter_type_5,equals,99284,99284,
filter_field_5,subject,99284,83961,
filetype,11,99267,97681,
print,1,99064,40430,
id_cat,,99042,43455,
page_guid,d1c69d9bb4e.d149adb1b6a4e821dd2f.00,99001,1,
geo,1,99000,72285,
intlid,modular+city+landing+page+%3A%3A+internal+links,98889,58807,
stars,1,98780,21242,
diagnosi,1540,98671,757,
returnURL,aliano,98484,12669,
lng,HU,98468,21843,
cdsrt,0,98444,75741,
init_source,twitter_free_finds,98402,67909,
tmpl,component,98320,52084,
topic,2,98316,8652,
guid,ON,98244,14587,
cdpn,1,98196,51088,
btn,original1,98002,92127,
detected_language,en-US,97986,90704,
ff%5Brating%5D,2,97478,19914,
filterLanguage,default,97294,57390,
f[1],hotelfacilities%3A17,96351,1310,
lc,1,96203,4463,
Rf-200,4,96123,10478,
comune,milano,96119,5396,
sito,pgol,95966,17377,
idSeduta,,95906,1910,
idtipo,3,95805,20985,
organization,comunedimilano,95796,74387,
CMP,twt_gu,95651,17163,
cad,3,95633,31185,
searchRequest.townId,43800353509716,95575,4405,
id_orig,,95513,7746,
sw,1600,95476,27667,
irclickid,,95474,14718,
errorType,sessionTimeout,95416,94543,
sercd,2145,95387,203,
id_categoria,0,95205,36052,
osq,Restaurants,95085,4632,
FORUM_ID,15,95007,11765,
biw,1366,94977,16827,
locations,usa-ny-new-york-city,94948,2767,
msez,1100,94941,53573,
PAG,homepage,94902,56155,
prog,1,94871,57042,
bih,730,94848,6083,
SearchType,1,94723,53428,
tpel,S,94437,44899,
taid,1,94358,29,
topLod,0,94184,94184,
dtel,26,94116,10645,
Done,,93474,93469,
FROM,products,93431,93310,
la,it,93390,26263,
hotelnumber,431204,93272,127,
showposts,1,93208,92828,
parse,no,93006,77432,
venoscript,1,92924,92924,
cmpid,PA178012501DCOR,92741,5170,
amp%3Bamp%3Bf%5B1%5D,author%3A1,92389,15434,
next_action,,92213,51,
facets-date,2019,92209,23477,
detected_region,XX,91896,85603,
REFER,https%3A,91703,32283,
pageSize,999,91544,31203,
docId,,91380,121,
options,e30%3D,91294,90860,
muted,true,91240,63314,
styles,mid-century-modern,91215,12966,
nextPage,21,91163,8551,
aspxerrorpath,,91015,90920,
searchRequest.searchId,it_1601668347,90606,57,
ugcIdOriginale,4361722,90524,2,
s7,0,90506,90059,
rf,,90444,40037,
collection,catalog,90344,64776,
searchRequest.pageNumber,,90289,42355,
onlyfathers,y,90191,90191,
find_desc,Restaurants,90053,2355,
sku,V24GDPR,89553,320,
customizable,1,89237,84584,
artist,1863177368,89194,1723,
ditta,5,89169,1229,
idutente,285,89105,4058,
idt,102,89022,1915,
_foo,196547,88831,88788,
smid,A11IL2PNWYJU7H,88813,35062,
veaction,edit,88810,88549,
pd_rd_wg,SWQBO,88802,124,
pd_rd_r,e9da9270-91c8-4e0c-a424-0f6abad15221,88789,124,
pd_rd_w,NsWeF,88430,124,
rel,carousel,88239,72316,
VRIC_doc,,88185,87847,
langId,-1,88148,45093,
entry,ks_market_cap_hook,88055,4655,
idregione,15,87995,8827,
dlvValue,%253C%2B2,87904,23012,
j,1٫6,87894,29480,
returl,,87411,33765,
pagename,commons%2Flayout%2FfeedRss,87288,5491,
c2,4000005,86905,29124,
username,string,86650,4513,
thread,197915,86581,586,
PageSize,60,86567,29569,
%3Bsort,alphabetic,86522,63654,
progressivooperatore,,86354,245,
accept-languages,en-US%2Cen,86215,83722,
contentId,NWS218,86136,778,
pc,1.1.0,86126,8607,
-facets-author,Costa%2C+Nicoletta,86117,5213,
keyword,,85880,12151,
-facets-date_2,2017,85730,8642,
of_codigo,null,85647,381,
author_to_follow,2718,85574,10,
