value,key,value_count,key_count
1,page,34669377,1551365
,SearchQuery,22459169,961149
0,c,12107963,649957
2,dpr,9648322,1622329
true,modal,5939436,907702
nc,rt,5220769,5220363
equals,filter_relational_operator_0,5181714,412432
3,LH_GD,4816958,669002
fr,lang,3394571,762916
format,auto,3294009,3273353
crop,fit,3267889,3239653
4,page,3168265,458126
en,lang,2901519,418459
false,isFramed,2731303,1208013
widgetJSTracking,type,2594776,2594776
framework,wt,2594401,2594315
10,_sop,2573010,566173
cws-fwk-anonymous,trk,2571976,2571976
rb-4.0.3,ixlib,2548389,2545667
60,q,2521863,2353951
-1,h,2449166,1338078
author,filter_field_8,2437561,124906
edit,action,2352090,2225875
5,page,2266925,362713
subject,field,2172981,199469
twitter,utm_medium,2075756,965878
100,w,2023852,1551894
o,critinit,1986468,597780
7,_sop,1741076,567333
240,sw,1461153,466094
16,_sop,1385134,560614
y,afSmartRedirect,1340570,800107
6,page,1335957,292988
80,quality,1297564,524714
15,_sop,1264635,563080
11,langue,1246310,200336
j-0.0.0,x-kpsdk-v,1201206,1201206
12,_sop,1131575,209029
8,page,1110020,213697
9,page,1109886,162989
400,w,1036526,421479
600,w,1011439,469389
30,q,990475,253795
300,w,952329,316903
xml,format,907773,906037
120,sw,895221,316169
default,sortby,866005,628704
de,lang,851427,370887
AKIAICNEWSPSEKTJ5M3Q,AWSAccessKeyId,837804,837804
200,w,824234,527638
dlvr.it,utm_source,809641,809489
20,num_mess_pp,792279,123533
desc,dir,780606,221661
50,q,772766,120103
authority,filter_type_2,746487,78851
post,utm_medium,726728,230804
Twitter,utm_source,723023,697771
64,h,720536,387074
C,temperature,717167,609587
fra,lang,714484,557640
500,w,714004,424674
i,p,703111,601348
wsj,dv,686436,686424
control,dv,683018,681811
fit,sm,682230,673924
3char,winddirection,658090,658090
5838a18e295d,apikey,657276,657276
eng,lang,656506,529335
25,min,654900,78222
1000,w,641402,389975
getDynamiqueData,method,633376,633376
navigation,tagcontainer,630677,627224
1200,w,628023,553531
en-us,lang,626069,528072
kmh,windspeed,625464,609564
x100,size,624474,624389
jpg,fm,622540,393120
referral,utm_medium,620907,560904
es,lang,620261,153173
mm,precipitationamount,619917,609587
EventList,com,613290,613290
Social,utm_medium,610999,590699
alt,index,607200,606331
media,do,597833,586938
a,p,590814,302194
85,quality,586722,502288
en-US,language,583875,249807
17,geo_continent_label,569037,142885
48,chunksize,565254,269586
all,critic,565091,131689
null,pt,563789,185899
A,DS,559369,212106
clipboard,ref,539474,278835
view,tab_details,537515,398452
dateIssued,filtertype_3,536943,46496
bpeditorial,client_id,529527,529345
18,numperpage,529479,65905
800,w,527048,344548
me_connecter,do,521020,521020
US,r,517696,170523
14,days,516830,81247
21,PT2,514160,197094
96,w,508982,330905
72,pgesize,508792,288052
pagination,ref,507669,507355
89,frz-v,503540,415875
social_sharing,utm_campaign,502585,502433
webp,format,502278,425107
rb-1.2.1,ixlib,499885,499207
QC,cregn,495913,197066
list,mode,494106,214884
KILOMETER_PER_HOUR%2CCELSIUS%2CMILLIMETER,look,489901,489901
asc,dir,484935,172746
json,format,483258,459779
USD,locale_currency_code,473569,122867
liste,liste,470956,288759
T,IR,468985,411377
trend,browsefilter,467819,380985
24,edt,463109,223340
it,lang,461164,135606
0%252D3%2520Months,Size,457566,457566
carte,liste,443189,250523
ouest-france.fr,utm_source,441173,416169
50%2C25,focuspoint,441172,441003
480,width,435664,117320
api-new-link-generate,aff_platform,433866,433866
720,w,433648,410617
flux,emplacement,432771,348613
45,q,431753,233821
Spesiaal%3AGlobalUsage,returnto,428388,428348
js,ln,424009,223185
13,page,422869,55822
feed,utm_source,421507,193142
name,order,417510,370853
files,tab_files,414936,412619
widget,utm_medium,412381,367985
yes,availability,411045,100044
photos,FileName,410097,383115
24,v,408274,357563
31,height,398917,113799
FFFFFF,resumebgcolor,398476,59796
cpa,utm_medium,398313,398243
Fr,Lang,398135,392313
entropy,crop,397657,397578
1%201x,s,397607,397607
1-AQ,x-kpsdk-r,396291,396291
180,height,395010,140405
En,Lang,392158,390908
fill,fit,390718,377777
ad-image,rule,388293,388293
711-53200-19255-0,mkrid,387614,387509
tinysrgb,cs,387606,386419
840,w,384258,374233
ad-thumb,rule,377559,377559
ad-large,rule,375838,375838
letras,page,368483,368480
23,edt,367460,122364
36,pgesize,366591,202821
lanczos-none,interpolation,365579,365579
max,fit,363291,358125
exact1024x768_l,alias,358888,358888
cover,fit,349020,345100
pt,sf_culture,348730,133205
patagos,partner,347451,347448
history,action,345476,171536
32,imwidth,342813,128708
CPS_NORMAL,tt,341521,340515
around|90:65,fit,341221,341221
no,dgvPublication,341137,80843
discount,prix,338336,337711
link,utm_medium,334512,214625
Autofeed,utm_term,333868,333679
Spesiaal:Teken_in,title,333372,333371
jpeg,format,329613,322368
books,catalog,320425,234967
SLink,cid,316286,316285
nl,lang,315983,95851
10001,toolid,314708,141009
229466,vectorid,311921,215787
47843,cv,304967,154226
affiliation,utm_source,300929,47382
web,support,298941,150692
en_US,sf_culture,298208,133190
2,type,294462,169101
text,utm_medium,292150,265643
0,stars,291854,95712
700,w,290693,206705
columns,critic,284374,284362
250,height,283560,138700
900,w,281309,152728
1600,w,281088,241474
profile,s,277149,271926
Spesiaal:SkepRekening,title,275301,275301
facebook,origin,274630,235894
0%252D6%2520Months,Size,274410,239230
HRN,LKF,272174,149974
53,PT4,271327,204869
type,filtertype_1,269425,29600
portals-tool,aff_platform,264048,264048
PDF,ds_name,261718,259736
slideshow,c.page,261715,108354
rb-4.1.0,ixlib,261174,261174
279,asl,260269,249201
28,pagesize,259768,37988
Share,utm_campaign,259510,253973
language,filtertype_3,258693,30658
social,utm_medium,258654,234694
advisor,filtertype_1,258580,32866
2047675,fromPage,257417,231468
ch,iso2,255941,251072
90,quality,255059,61083
Spesiaal:Captcha,title,254801,254801
51,amp%3Bamp%3Bcat,253723,65936
en-CA,__lang,252953,212388
Europe%2FZurich,tz,251198,251196
19,accommodationIdsInclusive,250239,25718
35,_udhi,249146,39935
10039,toolid,247889,198516
71,a,246968,113036
47٫5584,lat,246636,246636
7٫57327,lon,246624,246622
1-BQ,x-kpsdk-r,241321,241321
Asia%2FManila,tz,241066,241063
node,destination,240934,207388
accueil,id,240703,232090
_blank,c2rWindow,240654,235899
ph,iso2,240351,239318
40,q,238698,62413
glo,site,238377,238350
external,c2rMode,237763,235894
Click%20to%20read,c2rText,235893,235893
epn,utm_source,235826,235825
All,type,235388,30836
140,w,234908,171335
CLIENT_ID(_),amp_client_id,233963,233963
233039,bgcolor,233938,233926
www.chapters,url,233195,231815
n,needQuery,233033,117894
106,h,232886,179143
{{default.session}},mweb_unauth_id,232472,232472
resume,vue,232281,232043
210,height,230319,99035
56,pagesize,229862,71330
l,preset,227531,205749
71649,v,226268,226221
75,q,224754,119272
exact1024x768_p,alias,223089,223089
22,edt,223000,20662
280,w,222473,161169
show,tx_cspqaudiences_audiences%5Baction%5D,218819,140987
black,clr,215741,208264
pushs,utm_campaign,215554,215553
refine,action,214120,213835
sportskeeda,utm_campaign,212548,201042
128,imwidth,212464,128685
toprated,browsefilter,211538,153802
email,utm_medium,210550,181274
grid,mode,210527,167684
190,w,207670,177363
quote,mode,207553,175741
affiliate,utm_medium,207213,147088
html,format,206783,189660
256,imwidth,205775,128827
Ifremer%20Sextant,amp%3Bamp%3Bcatalog,205755,202662
API,tt,205081,202834
story,postType,204290,202426
tdg,domain,203220,202540
XX,region,199700,110294
660,links,199126,189845
photo-page-scrappy-view,initialView,197894,197894
Spesiaal:OnlangseVeranderingsMetSkakels,title,197808,189173
rb-1.1.0,ixlib,194789,194789
ASC,order,194778,72038
ru,lang,194362,89329
FRAN,lang,193041,192997
vector,skin,192358,108557
DELIVERY,diningMode,191827,191742
f,pos,190232,55845
frontcover,printsec,189928,189912
rating,sortby,189386,96114
M3wxMjA3fDB8MHxwaG90by1wYWdlfHx8fGVufDB8fHx8fA%3D%3D,ixid,189330,189274
630,width,188759,107264
Black,clr,188636,124393
fit+240w,sm,188505,188505
article,type,187696,75144
ent,index,186869,181902
320,width,186296,118278
degreeLevel,filtertype_3,186197,19989
98,LH_PrefLoc,185350,143228
code,response_type,184811,184330
fr_FR,locale,183022,97337
sdt,etsrc,182631,182630
api,aff_platform,181820,64802
27,contentStrategyID,181419,18485
101,sid,181058,175830
211,r,180998,170153
2000,w,180711,89346
t,sa,180255,58714
twitter.com,xtref,180188,144486
G,tri,178400,95817
0,text,177978,89147
pm,src,176920,175905
RSS,utm_source,176806,128678
384,imwidth,175865,130095
quickView,mod,174516,174516
34,cat,173734,19975
100%2525%2520Cotton,Material,173484,173385
tr,lang,173474,83644
84,pagesize,173062,57235
search,tab_files,172058,76206
edito,src,171249,166985
Dossiers,type,171225,168828
english,l,171118,109691
a21c19fea7f54aa0bcbcb06c220e3fcd,siteId,170849,46882
web.archive.org,mtrref,170145,162459
dc.date.accessioned_dt,sort_by,169287,169287
movie,object,168980,107757
gf,trk,167864,167680
degreeDiscipline,filtertype_3,167757,20205
620,w,167419,96810
AWS4-HMAC-SHA256,X-Amz-Algorithm,167250,167249
88,width,166968,114284
date_desc,order,166661,96650
host,X-Amz-SignedHeaders,166525,166346
ffffff,review_back,166006,154900
home,browsesort,165437,46374
37,cat,165327,26194
designshare,utm_campaign,165045,161144
DESC,sort_order,163765,57492
754,w,163635,157575
inventaire+topographique,typeDossier,163077,163077
F,temperature,163059,42739
150,h,162793,30870
657,imwidth,162654,159443
DEVELOPER_ID,did,162082,162081
addentry,currentcontrol,161956,161956
pr3,mall_affr,161571,161571
d,fd,158978,50296
fr-FR,language,157279,123671
admitad,utm_source,156589,156577
1400,w,156512,145335
pl,lang,156473,86889
29,accommodationIdsInclusive,156464,16746
login,page,156423,64381
335,w,154655,133856
RSSStats_chart.aspx%3Fid,xml_source,154126,154126
charts_library,library_path,154126,154126
1,cpdev,152915,48395
ja,lang,152068,54236
pt_BR,sf_culture,152063,133386
1%253A24,Scale,151916,151916
exact540x405_l,alias,151699,151699
cs,lang,151100,86448
1007.44007.343449.0,scm-url,150680,50227
q95aqa,u,150541,150541
Th%C3%A8se+ou+m%C3%A9moire+%2F+Thesis+or+Dissertation,filter_1,150109,19246
polling,transport,149819,149816
_ePNSNV,aff_fsk,149262,71952
YES,disableNav,149131,148921
26,accommodationIdsInclusive,149052,17131
12_k,ca,148999,148999
2023,yr,148482,94373
ssr,pha_manifest,148135,148118
Books,ikwsec,146594,100537
ok,form_recherche_avancee,146521,134951
D,lettre,146358,26949
HOTEL,PROD,144634,144576
forums,app,144365,107110
print,pagewanted,144328,48792
us,shipCountry,144314,101429
396,imwidth,144083,128549
FR,langue,143852,48754
S,DS,143187,41556
ProductDetail,businessType,142423,89639
hu,lang,141816,80302
ar,language,141812,54641
6252001,locationQuery,141653,141608
1%253A18,Scale,141440,136486
Audiences,tx_cspqaudiences_audiences%5Bcontroller%5D,141438,141432
33,cat,141224,19634
ripf,trk,141049,141045
-2,langId,140664,123913
detail,content,140413,38607
4908,customerId,139688,138474
92,geo_pays_label,139220,90825
264,imwidth,139189,128573
57,id,139029,85040
en-GB,language,138897,74258
None%2520%25281%2520%253A%25201%2529,Connection%2520Split%252FDuplication,138804,138804
of-widget-partage,utm_campaign,138723,119692
14964,_sacat,138314,138098
Lower+300x250,region,137219,137034
336,w,137139,112935
1SubTreeArray,zone_geo,136783,72327
FnacAff,Origin,135584,135540
Right1,auid,135525,135340
M,type,135370,84041
564,imwidth,135173,128558
ML,sl,134941,132569
es-ES,language,134834,115928
107,h,134529,66488
TRUE,CLICKED_LINK,134476,121283
12_s,ca,134003,134003
none,el,133402,38852
twitterDirectAlloVoisins,utm_medium,133312,66656
vignette,render,132929,130179
2013,list,132692,37541
vector-2022,skin,132238,132206
E,type,132066,28453
A1,wettbewerb,131970,131366
188,h,131277,120106
borderless_recommend_item_en,s-id,131199,131199
social_organic,utm_medium,130759,130738
500000,marktwert,130524,130186
2005,year,130522,63973
so.smt,utm_term,129826,129826
static,from,129513,129297
Blue,Color,129495,95596
shareComponent-detail,aff_platform,129371,129223
cobrand,CB,129165,129165
Spesiaal%3AOnlangseVeranderingsMetSkakels,returnto,128990,128174
41,amp%3Bgeo_continent_label,128613,14744
1%2520%253A%25204,Connection%2520Split%252FDuplication,128412,128356
%21,Features,128318,11966
1%2520%253A%25202,Connection%2520Split%252FDuplication,128285,128258
time,sort,128198,123794
atom,feed,128167,44235
lycos,CBID,127688,64843
White,Color,127496,84678
book,tab,127119,103549
lycosen,CBID,126860,64322
on,region,126739,36902
pertinence,select_tri_recherche,126515,117531
gallery,ga_view_type,126474,125399
719d34d31c8e3a6e6fffd425f7e032f3,SWJIYLWA,126135,126135
most_relevant,ga_order,126128,123301
affiche_listing_modo_commentaire,ajax,126072,126072
376,height,125786,57439
ebook,base,125538,125277
source-website%3Aa8408b86-f0b0-48be-b255-140df27e8910,f%5B3%5D,125382,39925
1%253A64,Scale,125073,125073
commentaire,api_mode,124939,124828
ozap-vos-commentaires-sur-les-articles,forum,124811,124811
105,navid,124098,73947
Title,linkTitle,123439,96685
offre,annonce,122614,109269
of-widget-seul,utm_campaign,122181,113840
3.5+mm+Jack+Male+MIDI+Male+MIDI+Cable+,_nkw,122031,122031
ALL,ageFilter,121838,33965
610,width,121508,57804
photostream-page-view,initialView,121299,121299
375,width,121277,110112
440,width,121021,53970
2014,list,119979,38087
de-DE,language,119953,114056
126,w,119577,68711
99,tablecaptioncolor,119371,59812
ZW5fX05FWFQ-,clientId,118922,118922
TOUS,typeRecherche,118892,118546
0,DID,118690,40437
exempt,vm,118146,118040
1045,w,118023,110747
ru-RU,language,117425,116523
2024,yr,117230,106281
1260,width,117169,112551
1007.31960.329447.0,scm,117045,39015
78,t,116678,32378
130,navid,116663,71964
tw_sp_online,utm_medium,116286,116286
fff,review_back,116228,97068
ko-KR,language,116074,88072
original,format,115763,99659
2004,year,115572,42967
sv,language,115526,50479
resa,ges,115385,114642
de_DE,locale,115159,63236
p,from,114826,56452
p4429486.c101196.m2219,_trksid,114331,114331
3000,LH_ItemCondition,114251,96506
270,height,113795,95059
amp,view,113790,49953
1460,w,113350,111590
effiliation,amp%3Bamp%3Bamp%3Bpartenaire,112847,65936
price_asc,order,112709,98124
unknown,utm_campaign,112484,99376
mostrecent,browsefilter,112223,57133
add,destination,111366,48015
147,h,111059,68830
documentType,filter_field_1,110301,26750
101,dirid,110209,61381
upload,tab_files,110178,76192
zh-CN,language,110069,109170
caracteristiques,details,108967,108937
354,height,108205,98081
or,attrRel,108166,101776
narviiapp%3A,deeplink,108153,108153
124,h,107768,66095
L,viewtype,107442,43342
38,criteres.regionId,107286,8061
139,amp%3Bamp%3Bgeo_pays_label,106699,78315
topics_global%3A160,f%5B4%5D,106533,19281
enr,index,106359,106334
lycee,sort,106178,71455
Ifremer,amp%3Bamp%3Borganization,105661,104829
44,tp,105491,8565
Datei%3AFlag_African_Union.svg,target,105458,105458
Red,Color,105438,90535
approved,critic,105088,105075
french,l,104744,84591
pdf,format,104707,79388
2012,list,104564,39740
42,d,104308,8572
b01a8f0b-d0e4-4055-9612-3b0586b1b48e,filter_value_1,104280,40950
year,sortby,104219,29830
feedburner,utm_source,103941,103891
673,frz-v,103840,100846
1iw4Jq5NZK60Ig7O,apikey,103766,103766
54,w,103514,45482
front,client_id,103443,58793
backend,.event_logger,103285,59888
43,accommodationIdsInclusive,102739,10185
49,cat,102547,13445
196378,SubTreeArray,102488,102466
it-IT,language,102446,101187
2015,Vehicle%2520Year,102320,12985
s,cmd,102272,47984
5.28.1,vtag,102244,82644
russian,l,102112,84734
small,name,102075,81112
banquedecontenu,utm_campaign,102003,101024
fluxrss,utm_medium,101895,100913
Women,fits,101889,61711
Spezial:%C3%84nderige_an_verlinkte_Syte,title,101808,101808
post-auto,utm_campaign,101243,101242
site,poiType,101169,34342
708,height,101061,97219
licenceID,crefn2,101030,89086
strip,cs,100865,100799
1010,id,100794,48272
rss,utm_source,100638,35347
2.1.7,v,100170,100116
rss_feed,utm_source,99941,99931
c,pr,99231,42289
3,d,99081,22472
79,NUM,99022,27520
Ifremer%20-%20Sciences%20et%20Techniques%20Halieutiques,amp%3Bamp%3Borganization,98924,97833
statique,action,98264,98237
italian,l,98152,84381
B,lettre,98088,28318
ReleaseDate,sortby,98047,62725
640,w,98004,88906
japanese,l,98002,84280
lastModified,csortb1,97995,97985
2016,Vehicle%2520Year,97963,15957
info,action,97884,68553
spanish,l,97859,84155
67,ES2LURCT,97641,32113
price_desc,order,97591,93004
1%253A16,Scale,97568,97568
thai,l,97384,84013
german,l,97079,84860
thematique%3A513,f%5B6%5D,97055,19904
Men,fits,97025,64194
reply_post,do,96998,96953
single,tx_igaffichagepages_pi1%5Bmode%5D,96995,53588
disar,ln,96766,96766
58,id,96735,29620
dutch,l,96693,84243
epsearch,linkType,96685,96685
other,browserId,96674,34078
portuguese,l,96475,84188
greek,l,96269,84178
thematique%3A504,f%5B2%5D,96242,24221
110,navid,96192,11930
COAR1_1%3A%3ATexte%3A%3AP%C3%A9riodique%3A%3ARevue%3A%3AContribution+%C3%A0+un+journal%3A%3AArticle%3A%3AArticle+de+recherche,filter_value_1,95943,25311
iframe_lien_autre_site,page,95592,95592
eventlist,com,95548,95541
thematique%3A507,f%5B4%5D,95378,21924
title,sort,95354,27509
Middle1,auid,95091,94932
88x31+Markets+Widget,region,95085,94932
swedish,l,94957,84095
420,w,94729,75154
tyah,trk,94720,94668
sessionTimeout,errorType,94544,94543
mixing,qtype,94486,90912
69,amp%3Bamp%3Bgeo_pays_label,94293,28887
fluxpublicactu,utm_source,93982,93982
Pink,Color,93735,80200
czech,l,93370,84704
2007,y,93316,11221
Y,lettre,92835,18982
v1,twic,92833,91831
2017,Vehicle%2520Year,92724,19370
p2047675.m2548.l44296,_trksid,92561,92561
schinese,l,92521,84319
polish,l,92489,84489
original1,btn,92127,92127
tchinese,l,92100,84086
brazilian,l,92017,84135
romanian,l,91964,84034
turkish,l,91953,84443
220,w,91941,75238
clip,fit,91866,89420
pt-BR,language,91834,89948
DE,r,91674,55595
9999,hardLimitSearchCap,91667,27652
1.0.5,v,91461,91002
217,width,91411,67166
finnish,l,91403,83909
svi,trk,91401,91396
143,h,91324,66557
hungarian,l,91317,84201
curl,edge,91130,91122
gbs_word_cloud_r,source,91107,91104
1%253A43,Scale,91066,91066
1800,w,91059,84162
SOCIETE,REQUETE,91053,90965
danish,l,90929,83790
2006,year,90878,22884
norwegian,l,90873,84155
%FFFFFF,bgc,90850,90850
da,language,90822,51510
clips,filter,90793,82449
Article,pgtype,90725,9008
action%3Dedit,returntoquery,90670,90668
bulgarian,l,90636,83676
1.0.7,v,90614,90527
artemis,widget_ver,90240,90171
Multi%252DColor,Color,90155,89499
http%3A%2F%2Fspecs.openid.net%2Fauth%2F2.0%2Fidentifier_select,openid.identity,90150,45125
711-127632-2357-0,mkrid,90131,90113
fanzoneReleaseDate,crefn1,89916,89207
rattachement_ministeriel%3Aaucun,f%5B1%5D,89721,56784
39,th,89486,9976
2010,list,89305,36393
thematique%3A505,f%5B3%5D,89264,21592
koreana,l,89104,84089
query,action,88936,53616
2018,Vehicle%2520Year,88879,17392
rattachement_ministeriel%3Aministere1,f%5B2%5D,88855,34076
fi,language,88825,50994
ad-small,rule,88794,88794
H,gender,88477,24424
skins.vector.icons,modules,88212,88212
ukrainian,l,88168,80408
2022,yr,87769,40011
p4247815.c101506.m1851,_trksid,87379,87379
b,pos,87254,55815
59,id,87151,31892
G%C3%A9oBretagne,amp%3Bamp%3Bcatalog,86945,76444
APKAICUDKLX2XOCDJKNA,Key-Pair-Id,86639,86639
nl-NL,language,86560,84813
TW,media,86226,82425
affichage,action,85996,76351
bf,trk,85681,84831
Ma%C3%AEtrise+%2F+Master%27s,filter_4,85584,8931
sk,lang,85513,66196
4,month,84587,28768
eo,uselang,84437,82089
46,accommodationIdsInclusive,84395,9714
43260,s,84383,84316
ListingManager,utm_medium,84281,84225
so.lmsm,utm_term,84272,84216
146,h,84248,53393
70,page,83946,9120
en-US%2Cen,accept-languages,83730,83722
archives,filter,83724,78434
R40,%2Fi.html%3F_from,83645,45140
1%253A12,Scale,83454,83452
aaf,aff_platform,82910,82761
199,h,82660,60180
%7B%22ship_from%22:%22CN%22,pdp_ext_f,82445,82445
Home,ikwsec,82405,74321
grade%3AGrade+7,tx_smsgactivities%5Bfilter%5D%5B0%5D,82356,14922
444,text,82223,73161
294,h,81982,35044
thematique%3A506,f%5B3%5D,81881,19504
share,utm_source,81875,35913
institution%3A4,f%5B1%5D,81660,31978
thematique%3A512,f%5B6%5D,81594,17630
55,cat,81422,11844
224,h,81285,31359
EML_comm_afe,trk,80939,80939
prod,extra%5Benv%5D,80605,56404
255,w,80555,66419
hu-HU,language,80501,80097
multi,clr,80469,79930
thematique%3A515,f%5B7%5D,80368,14764
articles-online,fdid,80088,80088
[responsive],x2,79664,79664
1400x900,ws,79622,67714
click3,jscmd,79514,79514
x,_x,79444,23964
widget-desktop,utm_campaign,79380,79380
vietnamese,l,79302,68239
52,cat,79246,15801
thematique%3A508,f%5B4%5D,79235,17620
TEXT,type,78959,78802
201,dirid,78919,47050
product,pageType,78899,26175
thematique%3A509,f%5B5%5D,78740,16377
2011,list,78670,24782
252,h,78515,65836
N,lettre,77974,21405
9,d,77972,19453
8,Mois,77797,32839
pl-PL,language,77691,77032
cs-CZ,language,77612,77080
eyJhcHBfaWQiOjEyMjZ9,ixid,77597,77594
65,Grade,77584,7307
AE,platform,77508,75102
white,clr,77475,67002
pt-PT,language,76926,75927
G%C3%89OPAL,amp%3Bcatalog,76713,69064
33d00c4b0378,apikey,76674,76674
thematique%3A514,f%5B6%5D,76532,14264
moneygame,fmsection,76459,41648
Spezial%3A%C3%84nderige+an+verlinkte+Syte,returnto,76307,76307
grade%3AGrade+8,tx_smsgactivities%5Bfilter%5D%5B4%5D,76280,13860
grade%3AGrade+11,tx_smsgactivities%5Bfilter%5D%5B1%5D,76172,18571
br,language,76077,52682
%5B2010+TO+2019%5D,filter_5,76034,9693
ro,lang,75940,68356
Spezial:%C3%84nderige_an_vergleichte_Syte,title,75762,72898
source,sortby,75640,73706
Casual,Occasion,75299,52220
http%3A,url,75276,34191
thematique%3A510,f%5B5%5D,74924,15262
Illustrations,type,74770,74769
el,lang,74684,67561
grade%3AGrade+10,tx_smsgactivities%5Bfilter%5D%5B0%5D,74627,12427
latam,l,74598,68255
109615,v,74194,74173
price,order,74109,39651
parallax,ad_unit,73975,17666
47,amp%3Bcat,73833,9162
mtg121_resultrechr_01.asp,pgpr1,73796,73796
bef9be39d6954c9190cb68d5e92ab5c8,terminal_id,73649,73649
program,type,73545,28796
1100,w,73450,37116
bg,lang,73116,68888
thematique%3A503,f%5B3%5D,72992,19961
H1-citylistMore,TRK,72967,72967
R,lettre,72905,21453
668,h,72708,33624
372253,af,72660,36475
Book,mc,72639,483
thematique%3A6,f%5B2%5D,72600,19643
ladepeche,referrer,72592,72328
bg-BG,language,72562,72138
1007.44007.364523.0,scm,72540,24180
el-GR,language,72365,71923
unsplash,utm_source,72127,71812
5,Mois,71961,25372
2009,list,71924,10031
ITA,ccode,71753,71368
rattachement_ministeriel%3Aministere2,f%5B2%5D,71622,26709
L%C3%AAer%3ABeijing_2008_Olympics_logo.svg,target,71619,71603
component,tmpl,71560,71524
H%C3%A9modynamique,filter_value_1,71477,52081
Author,sf,71461,71071
alleyinsider,fmsection,71377,70106
autopromo,utm_campaign,71327,68492
7db9fe61-7414-47b5-9871-e17d87b8b6a0,api,71266,71266
Published,NRMODE,71214,71212
STARS,orderBy,71003,70989
he-IL,language,70846,70736
PROMOTION,orderBy,70728,70707
COMMENTS,orderBy,70657,70623
sai,c.vertical,70575,53305
465,h,70494,65516
Guest,NRCACHEHINT,70432,70403
tr-TR,language,70368,69639
grade%3AGrade+12+and+Over,tx_smsgactivities%5Bfilter%5D%5B2%5D,70230,18389
UNSIGNED-PAYLOAD,X-Amz-Content-Sha256,70101,70101
On,Rdt,70090,69877
sv-SE,language,70026,68532
desktop,extra%5Bdevice%5D,69984,50211
date,sortby,69816,34625
related-link,utm_medium,69788,69689
089ed4e892fb0dfdf34eb81e6f2521aa,apiKey,69606,69606
publik,auth,69605,69581
Proth%C3%A8ses+valvulaires+cardiaques,filter_value_3,69470,25881
at,v,69434,63406
6,d,69420,15532
ja-JP,language,69415,64298
sns_Copy,srcSns,69343,65572
reviews,page_type,69149,57404
reply,mode,69121,53279
7,Mois,69020,19643
twitch,pbid,68861,68697
loop.frontiersin.org,url,68675,68675
tech,srub,68671,66442
%7B%22status%22%3A%22cmp%22%7D,gdprl,68657,68657
creditCopyText,utm_content,68555,65370
1-AA,x-kpsdk-r,68278,68278
rb-0.3.5,ixlib,68258,68257
es-MX,language,67901,67559
zh-TW,language,67888,63823
DSMT2,utm_source,67789,67789
grade%3AGrade+9,tx_smsgactivities%5Bfilter%5D%5B5%5D,67763,11273
Basel,city,67614,65917
1,v,67517,48027
BFMTV,at_brand,66929,33903
inf,cid,66685,66631
comments,filter,66448,53230
1080,w,66408,54678
uk-UA,language,66366,66327
219,w,66347,53228
BESTFOR,orderBy,66192,66191
institution%3A98,f%5B0%5D,66157,16540
b07934f9-a991-4df4-be30-90a665487816,filter_value_2,66074,47909
10051,catalogId,66070,65617
2019,annee,66022,15295
paper,base,65982,64889
5000,ApplicationPostTypeID,65894,38623
photo,utm_content,65807,22253
_9hwhcM,aff_fsk,65343,32970
da-DK,language,64962,64183
113,navid,64847,13444
104,navid,64552,17857
ppro_cprof,trk,64498,64498
S2_svi,trk,64347,64347
zh,language,64185,56380
recherche,page,63943,51892
123,v,63806,13046
108,id,63675,20220
267,h,63383,53847
Cath%C3%A9t%C3%A9risme+cardiaque,filter_value_3,63345,13984
fr-CA,language,63252,53225
299,w,63216,53271
2008,y,63123,10746
H1,TRK,63091,43610
fandomdesktop,skin,63067,57503
Google_BookSearch_organic,s_campaign,62808,62472
item_page%3Avariation,ref,62732,62732
824,mtid,62728,54362
events_date%3Aall,f%5B5%5D,62502,11812
160,width,62195,18976
rattachement_ministeriel%3Acommun,f%5B2%5D,62166,27781
115,numdoc,62120,13480
MSMT,utm_source,62005,62005
hi,language,61898,50622
7-1,cid,61865,61848
vidweb,res,61815,61815
63,cdpt,61761,9758
%25241,Denomination,61539,61539
118,asl,61383,33913
make_modif,do,61366,61366
e,starts_with,61357,6387
X,sa,61329,24572
styles,only,61275,61256
%252B1%252E00%2520strength,Strength,61142,61142
Sociallymap,utm_source,60936,20344
posting.php,redirect,60911,60911
66,Grade,60808,6739
85678547@N00,group_id,60805,60805
BTN_ART_SABONNER,btn_action,60788,60788
inf_facebook_like,cm_mmc,60720,60720
FO00002,forum,60623,37138
UK,r,60549,54314
left,datealign,60541,59666
institution%3A152,f%5B0%5D,60496,51691
sharebutton,utm_source,60460,56957
P,lettre,60441,20912
83,h,60396,15287
Error_page,php_event_name,60241,59888
lannuaire,url,60190,59962
news,service,60115,25426
progressive,variant,59961,59899
73,country_id,59922,16588
Sorry%2C%20the%20page%20you%20were%20looking%20for%20was%20not%20found.,Error_text,59890,59890
com_content,option,59874,59225
lov2,license,59870,59870
frt,index,59745,59328
rasterized,format,59554,59554
4105,langtype,59436,55193
signup,type,59382,58964
74,tp,59263,8547
Green,Color,59234,48988
data,Type,59193,58339
utm_mashup,utm_source,59174,59174
1%2520%253A%25203,Connection%2520Split%252FDuplication,58952,58952
pt-br,lang,58920,48187
fi-FI,language,58850,58471
most_recent,order_by,58768,58679
17_s,ca,58749,58749
alpha,order_by,58749,56426
MAP,viewType,58567,58268
1600x1000x24x24,r,58556,58556
psmain,ipn,58490,54411
902099,kwid,58450,54373
twcRadarMosaic,product,58277,58276
1086769984,ID_SESSION,58258,58251
nonli,utm_campaign,58235,27535
4000005,c2,58196,29124
1500,LH_ItemCondition,58151,52189
publishsharelink,utm_source,58020,57795
socialShare,spreadType,57955,57795
z,sa,57864,44062
Unisex,Gender,57817,56346
widgethp-CTA-annonce-desktop,utm_content,57804,57804
562,f,57792,40750
portals-hotproduct,aff_platform,57782,57782
file,distributionFormat,57771,49418
search_api_relevance,sort_by,57725,42550
68,h,57633,9924
preroll,bp,57611,57578
vast3,rt,57581,57581
V6SJavaScriptSDK-1.1.7,sdkv,57581,57581
%5B%7B%22id%22%3A%22twitch-player-ui%22%2C%22mt%22%3A%22v%22%2C%22kv%22%3A%7B%7D%2C%22s%22%3A%22640x480%22%7D%5D,slots,57581,57581
offer@alibaba,domain,57523,57523
O,lettre,57507,21473
10000,codelangue1,57501,26242
start,action,57407,36295
zh-HK,language,57353,52281
member_status%3Astudent,tx_solr%5Bfilter%5D%5B1%5D,57344,36647
127,geo_region_label,57275,11506
Akamai,cdn-provider,57262,57256
Tractor%2520Trailer%252FSemi,Vehicle%2520Type,57176,57176
related_works,origin,57157,56564
7d,range,57076,25918
61,page,56979,4518
2020,year,56843,22042
ny2,datacenter,56736,56734
1spec,bl,56650,56650
1%253A8,Scale,56548,42888
sofoot_forum,t,56546,56546
4429486,fromPage,56510,25538
[bbc_website],x3,56416,56416
arte_vp,extra%5Bapplication%5D,56404,56404
Rechercher+sur+judilibre,op,56367,56367
widgetpa,utm_medium,56236,56236
instore,context,56154,56154
254,PageID,56144,41727
sofoot_automoderation,t,56039,56039
hour,end,56037,30625
%22aix-les-bains%22,texte,55996,55996
HOGENOM,db,55957,55957
btob1,osl,55940,55933
76,f,55893,9530
nextentries,mode,55849,55848
Edgecast,cdn-provider,55791,55791
preventries,mode,55781,55780
M3wxMjA3fDB8MHxwcm9maWxlLXBhZ2V8MXx8fGVufDB8fHx8fA%3D%3D,ixid,55760,55760
th-TH,language,55587,52010
168,fcstlength,55483,30070
off,03-zoom-produit-render,55410,11306
book_creator,bookcmd,55359,55326
2021,year,55256,17168
simple%2CKILOMETER_PER_HOUR%2CCELSIUS%2CMILLIMETER,look,55246,55246
[reverb-3.9.2-nojs],x8,55230,55230
ro-RO,language,55171,54699
lt-LT,language,54946,54765
AT,type,54811,50176
relevance+asc,tx_solr%5Bsort%5D,54755,54744
M3wxMjA3fDB8MHxwcm9maWxlLXBhZ2V8Mnx8fGVufDB8fHx8fA%3D%3D,ixid,54726,54726
sk-SK,language,54582,54240
vw_cprofile,lnk,54570,54563
Gray,Color,54552,45423
lg,kw,54498,53682
[en],x4,54498,54498
True,pcexp,54423,11038
live,env,54365,51385
blog,page,54365,35704
best,switches,54289,54042
95,lID,54276,9437
jsonp,dataType,54262,30455
ant,dep,54236,54164
af,tc,54219,29512
M3wxMjA3fDB8MHxwcm9maWxlLXBhZ2V8M3x8fGVufDB8fHx8fA%3D%3D,ixid,54076,54076
vi-VN,language,53935,53113
show-download-screen,action,53887,53840
Yellow,Color,53786,48319
1%253A87,Scale,53769,53769
en-AU,language,53616,39039
EUR,currency,53611,22484
1%253A10,Scale,53601,45962
14627,cid,53593,52505
JByTA8sHZAKZ3npzEad7ojdzuqz1iRF2,client_id,53524,53524
M3wxMjA3fDB8MHxwcm9maWxlLXBhZ2V8NHx8fGVufDB8fHx8fA%3D%3D,ixid,53475,53475
all%2CKILOMETER_PER_HOUR%2CCELSIUS%2CMILLIMETER,look,53472,53472
viewprofile,mode,53410,53407
contains,filter_relational_operator_6,53329,7120
Aorte+--+R%C3%A9tr%C3%A9cissement,filter_value_4,53310,14685
GR-TW,utm_source,53246,26624
cms,client_id,53193,46047
agenda,page,53182,26101
fa-IR,language,53099,53081
Doctorat+%2F+Doctoral,filter_1,53092,7523
Q,lettre,53089,20951
