key,value,key_count,value_count
w,100,11248232,1551894
page,1,9105614,1551365
url,,7841785,411129
id,accueil,6804447,232090
language,en,6755432,337244
utm_source,dlvr.it,6580093,809489
utm_medium,twitter,6374973,965878
h,-1,6053411,1338078
lang,fr,5915200,762916
type,widgetJSTracking,5731391,2594776
title,Spesiaal:Teken_in,5668915,333371
q,60,5601388,2353951
rt,nc,5357465,5220363
v,1,5169751,1501354
fit,crop,4881634,3239653
p,i,4480002,601348
utm_campaign,social_sharing,4429673,502433
itok,iBrDRrQD,4289195,244
action,edit,4083361,2225875
trid,70943,4024526,35
trk,cws-fwk-anonymous,3909965,2571976
ref,pagination,3867154,507355
t,,3857330,89001
ixlib,rb-4.0.3,3574705,2545667
auto,format,3378708,3273353
s,1,3296435,1413971
_sop,1,3213222,573274
ixid,M3wxMjA3fDB8MHxwaG90by1wYWdlfHx8fGVufDB8fHx8fA%3D%3D,3189673,189274
do,media,3089346,586938
cid,SLink,3038177,316285
format,xml,2997010,906037
l,english,2855451,109691
width,400,2634099,334083
wt,framework,2594537,2594315
trackingInfo,%7B%7D,2536937,2736
or,https%3A%2F%2Fwindowsitpro.com%2Fsystems-management%2Fbginfo,2526000,12351
image,images,2439757,30772
sw,240,2286857,466094
dpr,2,1938188,1622329
r,US,1913617,170523
clr,black,1835776,208264
height,240,1821685,313964
randomSeed,2135457147,1791372,21364
_dmd,1,1748735,908626
sort,-1,1732521,281489
imwidth,657,1726092,159443
from,,1648889,141237
f,1,1517855,170288
c,0,1502220,649957
utm_content,47843,1446142,150454
order,name,1432357,370853
f%5B0%5D,institution%3A152,1431371,51691
ver,6٫2,1408618,45788
i,1,1404656,888521
t:ac,FS,1389429,8988
swp,sidebar-view-pdf-6,1368581,27749
dv,wsj,1368260,686424
f%5B1%5D,rattachement_ministeriel%3Aaucun,1327212,56784
sh,240,1320140,459343
a,71,1314735,113036
ts,1345845600,1284983,12667
rule,ad-image,1260758,388293
isFramed,false,1256881,1208013
sortby,default,1252760,628704
d,0,1228898,56413
mode,list,1228479,214884
x-kpsdk-v,j-0.0.0,1201206,1201206
x-kpsdk-im,CiQxNjcyODRlMC05MWIyLTRhZjktYjAzOS0xOGY3OWIyZGFjZjQ,1201192,1
aff_fcid,,1185112,2103
f%5B2%5D,rattachement_ministeriel%3Aministere1,1177620,34076
sid,101,1175662,175830
aff_fsk,_ePNSNV,1171372,71952
aff_platform,api-new-link-generate,1170811,433866
aff_trace_key,fd068bd475ec46f08eece63ecc1d4b9a-1601743355403-09341-_dZU6CFR,1169092,638
sk,_ePNSNV,1165235,67097
rid,,1162933,1186
terminal_id,bef9be39d6954c9190cb68d5e92ab5c8,1158711,73649
Scale,1%253A24,1142579,151916
st,,1111612,205883
quality,80,1108169,524714
sf_culture,fr,1086179,140533
region,Lower+300x250,1085831,137034
returnto,Spesiaal%3AGlobalUsage,1037344,428348
f%5B3%5D,source-website%3Aa8408b86-f0b0-48be-b255-140df27e8910,1033661,39925
redirect,posting.php,1022745,60911
LH_BIN,1,1004218,1004212
SearchQuery,,999656,961149
size,x100,998088,624389
LH_GD,3,994804,669002
index,alt,989474,606331
sm,fit,988014,673924
article,edito,983632,788
lng,1,979176,427772
client_id,bpeditorial,965610,529345
srchtxt,CH3CH%3DCH2,964308,6845
L,fr,953125,453153
reload,true,953111,677
code,,937592,293279
Signature,QL0FABq8gDJSm~c173D-HDIZ3zoi5HdDlri6ymMn9HhH4K36oWa1xToDGEwzN-25MhsveZLA~kwa1nskDoW~h1~qRHGaAW-ZhZKtk41yjg2SeHw7NmD1UXYzKvU5YN8AVjWa~SfjY~4ouk-diL~sQRd4Z47M~LnagUazEzBlQkA_,926958,82
k,,926809,104056
pid,5i0B,922573,28939
returnUrl,,915146,12925
modal,true,911322,907702
item,1,894785,343
n,0,886144,61259
euid,64d32023ed442b1a0ca37c7f,881445,319
iid,false,878962,1133
esid,6595b528f1bd1974ccdac260,875237,7394
returntoquery,action%3Dedit,873924,90668
sig,2af71913197s,872483,184
frz-v,89,865226,415875
f%5B4%5D,source-website%3Aa8408b86-f0b0-48be-b255-140df27e8910,865218,22606
Lang,Fr,863796,392313
apikey,5838a18e295d,853800,657276
crop,entropy,851268,397578
colourWayId,0,841206,3352
ca,12_k,839651,148999
Expires,1713045600,838812,9177
AWSAccessKeyId,AKIAICNEWSPSEKTJ5M3Q,838397,837804
bgref,zejH3QyhOLlBIhT%2FMQw4Xw%3D%3D,830517,15978
Size,0%252D3%2520Months,830428,457566
utm_term,Autofeed,826063,333679
redirectUri,,826063,508115
city,Basel,816164,65917
alias,exact1024x768_l,804572,358888
afSmartRedirect,y,801858,800107
Color,Blue,784074,95596
sort_by,dc.date.accessioned_dt,771309,169287
p_iden_tran,REPERAW5JZE28-1880169188016Ho7,766074,474
_trksid,p4429486.c101196.m2219,760603,114331
lat,47٫5584,753841,246636
destination,node,742476,207388
lon,7٫57327,740917,246622
com,EventList,740465,613290
mini,true,733212,711652
cb,o,719928,12114
pge,0,719266,381459
section,post,718893,96317
method,getDynamiqueData,718233,633376
report_url,adamfitzgerald911,717301,36823
tr,8,715422,114703
ns,,715039,59593
tag,menubar,713958,32626
srt,2,710164,327979
x-kpsdk-r,1-AQ,705890,396291
limit,50,705412,112729
nocache,,699309,133320
Type,,696305,87633
winddirection,3char,688077,658090
Brand,Unbranded,687728,45600
f%5B5%5D,topics_global%3A160,687079,18470
src,pm,685154,175905
windspeed,kmh,684041,609564
uid,0,677280,23510
cat,30,675943,50689
token,,675729,53022
tz,Europe%2FZurich,674880,251196
asl,279,671811,249201
browsefilter,trend,671507,380985
iso2,ch,664927,251072
KP_UIDZ_1,089d36bcU0QExvF2c4MR93QT99QfvZhYSh6jREZRFJPpl8XOjqQt5YWI3tSgcQE5Iy8mNZtnjWoYobiJYa3u3he9kOxDYECJl90SR2HxBCMuOIecm6iUN2f321DVdHlsGV4AsKvwdNglx0ZBckdb9W7O0sqwesk,662491,1
query,,661813,186773
source,,658441,103314
temperature,C,656427,609587
hl,fr,655703,377021
search,,655225,94832
precipitationamount,mm,652326,609587
facets,purchasable_online~T,649904,767
look,KILOMETER_PER_HOUR%2CCELSIUS%2CMILLIMETER,647385,489901
authId,undefined,643840,39
cats,,642719,456618
itmmeta,012DEW30YG0MEEKND7NH,634645,371
theDate,2020-10-27,634095,750
filter,clips,632663,82449
tagcontainer,navigation,631096,627224
si,19,625344,519
letter,,614526,413720
jump_to,,609338,111322
LH_Auction,1,609259,609259
offsite,true,606627,606621
page_show_url,%2Fphotos%2Fsbconnect%2Fshow%2F,606624,15
page_show_back_url,%2Fphotos%2Fthenationalmuseumofdenmark%2Ffavorites%2F,606605,148
sign,9,604874,7
uselang,en,604627,93774
lettre,A,602386,33042
critinit,o,597884,597780
pgesize,72,596091,288052
ID,1010,593820,8454
tt,CPS_NORMAL,592452,340515
version,1,588442,126382
SSO_Context,,588230,259192
tab_details,view,585456,398452
tl,fr,581782,167602
catalog,books,581006,234967
organization,DEAL%20Mayotte,579770,27274
LH_PrefLoc,98,570667,143228
dp,,569121,5188
locale,fr_FR,567751,97337
origin,facebook,566313,235894
tab_files,files,565017,412619
u,q95aqa,562824,150541
af,372253,560723,36475
foid,hw,558480,19
cv,47843,555456,154226
tags,commune,554662,17536
liste,liste,554510,288759
redlink,1,553870,553339
critic,columns,551775,284362
m,,547372,33695
_,1,547319,1957
fmt,0,544641,426160
partner,patagos,541523,347448
ReturnUrl,http%3A%2F%2Fforum%2Fhtm2%2FLoginForumReturn.aspx,539342,26732
ville,,539002,13160
focuspoint,50%2C25,538244,441003
ga__15_abel,02sKa0lOfdZ7uJMQ17qboK81exm95rQOVZB6H2M0mTUpDccjn0d9fIFPiBBqcQA915bQu6fnjJN5O0RM68WsupXJb2SHFfEJupamzGGH0CynR2Yp42OZf0gCid2paGqHBEao2iIdSValLvWXeTUB53WIDsK4CxyFjbs7na7myr,538052,1
date,1,537810,53584
cropresize,1,534727,534704
cs,tinysrgb,523908,386419
need_login,1,521019,521019
_trkparms,amclksrc,519945,25427
variant,progressive,517842,59899
post,1,516379,726
dns,roberto-carlos,516303,1833
mkcid,1,515733,412755
mkevt,1,514537,514452
gridsize,4,514416,290443
totalstyles,100,514357,2347
target,Datei%3AFlag_African_Union.svg,511139,105458
mkrid,711-53200-19255-0,509374,387509
dl,fr,501823,271099
share_time,1716324407000,495398,11
f%5B6%5D,thematique%3A513,495261,19904
time,ASAP,493970,21076
texte,,493105,145956
afref,,486851,446113
pg,personal,482970,16670
exact_search,0,478229,348473
render,carte,470226,180425
error,,467442,328667
next,,466030,107322
trkInfo,clickedVertical:company,464272,4343
ln,js,462978,223185
navid,105,460914,73947
img,1,459651,334852
hash,item123546:g:acwAA9KNiJowH:sc:ShippingMethodStandard!95008!US!-1,456191,360
itmprp,enc%3AbgepL1tlUHjMGCVfSTGJh%2BzsVKeJ3CQk7NizDI4BZeppuFnmyS6Ijyp8lh%2FnEw%2BWqO7uTV1Q6izE1R0T54aV8j71F4xlWfVcGft4%2FiOQhtqVXA1rW6M1atPARQRmhqUxtEPJKhKtSFgI%2Bvwlzb0GwVCtkp%3ABlBMUObkmabpYw,456065,371
Connection%2520Split%252FDuplication,None%2520%25281%2520%253A%25201%2529,456061,138804
text,0,453807,89147
lID,1210,449037,11848
langue,11,447031,200336
click_key,944f028c6e9d2cba1b4e4e3a69f37cdfab9456ca%3A1451427441,446968,95
click_sum,3590920b,444041,95
src_id,C922004,439492,10352
dir,desc,439123,221661
session_redirect,,433433,3881
Vehicle%2520Type,Tractor%2520Trailer%252FSemi,430977,57176
reqId,fa659012-1ea4-4bc9-8af7-bd1b18b1fcd0,428077,24
offset,0,426998,165628
year,2005,426091,63973
pvId,200000785-200003777,424555,2692
fm,jpg,422871,393120
empcode,job-bank,422335,18572
_pgn,2,420314,77342
cHash,d15763198e53fb10cacf8c6ee14922f3,420018,680
toolid,10039,418374,198516
campid,5339048844,417499,45140
IR,T,415815,411377
topic,quotes,414580,37000
edt,24,413882,223340
filtertype_0,subject,412667,187644
filter_relational_operator_0,equals,412648,412432
filter_0,Th%C3%A8se+ou+m%C3%A9moire+%2F+Thesis+or+Dissertation,412647,18761
filtertype_1,subject,407221,174496
filter_relational_operator_1,equals,407218,406588
filter_1,Th%C3%A8se+ou+m%C3%A9moire+%2F+Thesis+or+Dissertation,407217,19246
initialView,photo-page-scrappy-view,405123,197894
modules,skins.vector.icons,404028,88212
o,osm,403357,50884
cn,rsb,400113,5559
filter_2,Th%C3%A8se+ou+m%C3%A9moire+%2F+Thesis+or+Dissertation,398004,18357
filter_relational_operator_2,equals,398001,395222
filtertype_2,subject,397997,156294
fchrcrdnm,1,394175,291876
requiredtags%5B0%5D,english,393718,25550
searchId,1465039565,393129,443
tri,G,391392,95817
view,amp,391247,49953
sessionRedirect,https%3A%2F%2F%2Fcompany%2F157252,386455,3340
f%5Bauthor%5D,4167,384542,934
region_adm,13,383647,20096
accommodationIdsInclusive,24,383582,28739
FileName,photos,383207,383115
iframe,1,382002,374766
filtertype,equals,381713,120740
user_id,0,380183,99009
filter_3,Th%C3%A8se+ou+m%C3%A9moire+%2F+Thesis+or+Dissertation,379011,16755
filtertype_3,subject,379004,131068
filter_relational_operator_3,equals,379004,372516
uri,,376305,63523
xtor,RSS-176,375200,36775
productId,1016,375143,17125
VersionId,eGSmLQKNY9tpRTEK3lNM6NsWru9zgCvP,375055,26
SID,HRN,373273,122187
x5secdata,5e0c8e1365474455070961b803bd560607b52cabf5960afff39b64ce58073f78396e508eb90e4252a635ee7287116df396baf272a8e769889207f7f5d5ff918264e28b5c6c4edc0a4cb88ef14e7f6e8eeb2bc16b1dbc91ea592f0222d32ec23f1976b91a091e5174a4153ee53f360b269783bbae415916f4e376d892cf8ccf5de45aa9533b92e051809a54c65f62a508bd5667e05f4df11345854cc5206f0b2ba4fe2f7f593c07b4a12278eb57dc4e176fc81cbaab226fb15fcba13a7361829f46766ee35fa21eef80e2eb85eabed0495e59c1d467ab8317d542665abc11e437e5cfcc2c6605d916f7706d8803d386eb3d67c5a4263ed14ac702e4ad507ab800f38de98a9d52a18ab422acbc521d6f45f9b86c27692bf843654469bc1ede3d7d65509af8f43dfa1787668708f2bdd2383b5d8e0967dbcd439ffd82420f017e6e980b36a529e62eae55721c5422e06f49cb4465f39e6c65e6f39b86939ab2ecdd34639bbe1b36c14c44429c00e1261440dc3f6416a1d0eb7f36213899b4d0d521bdc8a5ef3db5e11d0b8b44fa89a6c1b7b581114c9426f48ea8a0dd0cf13a76a2977bb3723d732be530f72860a11eb01ae27f3eba750350724ac0937b089322054dba569f88167ba44e60ba4aec95a32ee22316b24a1f7a28517204f8959396d3,371918,19
empname,%E6%A0%AA%E5%BC%8F%E4%BC%9A%E7%A4%BE%E3%82%A2%E3%83%BC%E3%82%B9%E3%83%9B%E3%83%BC%E3%83%AB%E3%83%87%E3%82%A3%E3%83%B3%E3%82%B0%E3%82%B9%20HAIR%20,369825,216
fmsection,alleyinsider,369338,70106
x5step,1,368634,360003
music_url,beautiful,368480,36
Material,100%2525%2520Cotton,368308,173385
did,DEVELOPER_ID,366071,162081
interpolation,lanczos-none,365580,365579
SearchText,,365489,126025
p_id_ss_domn,981,362750,12638
pagewanted,2,362592,124651
msgID,I8049011310_1,362226,64
mscssid,050306054734MNEMHPTPXHIFCQT31086,361021,16228
lg,fr,358803,209219
price,,357905,40458
product_id,1055,357788,21592
site,glo,354101,238350
prix,discount,353864,337711
placeholder,1,353471,352227
cartepostale,292993,350370,3
filter_relational_operator_4,equals,350109,344488
filter_4,Th%C3%A8se+ou+m%C3%A9moire+%2F+Thesis+or+Dissertation,350107,14847
filtertype_4,subject,350099,122242
currency,5,350053,263530
referrer,ladepeche,349358,72328
emplacement,flux,349203,348613
keyid,3975018,344879,133
LH_ItemCondition,1000,340957,116956
listingOnly,1,338828,338828
domain,tdg,338478,202540
zoom,1,336275,153254
qui,ma%C3%AEtre+d%27oeuvre+inconnu,335896,15703
days,30,333753,89134
ticket,,333131,516
Style,Beanie,332879,26849
DS,A,332301,212106
f%5B7%5D,thematique%3A513,330913,16528
rlang,fr,330665,155112
titl,C,330583,870
rev,0,330568,87963
isbn,,330268,456
amp%3Bgeo_pays_label,28,330204,35423
ps,1,327560,271409
details,caracteristiques,327406,108937
dat,,326210,27007
Vehicle%2520Year,1970,326041,24755
aid,f364b73e-8cf2-4240-9c61-8808cbb7381c_desktop_parallax,325992,19805
g,y,325290,260840
offreId,10402651269,324196,283
id_article,13,323175,2621
auid,Right1,318836,135340
orderBy,STARS,318722,70989
tab,author,318347,103566
c.vertical,sai,318142,53305
c.author,Joe+Weisenthal,317718,7282
c.page,post,316629,207739
c.tag,goldman,316536,4295
purchase,1,316122,316120
pro,1,316003,109686
callback,jsonp_callback_1,315991,20865
skin,vector-2022,315961,132206
purchaseid,00000208-894e-0201-c5e0-571558580850,315839,43
bdrref,2300206631,314899,18
data,%7B%7D,314422,15267
_nkw,3.5+mm+Jack+Male+MIDI+Male+MIDI+Cable+,314309,122031
filter_relational_operator_5,equals,312564,305634
filter_5,eng,312559,12761
filtertype_5,subject,312556,103837
range,7d,312251,25918
geo_pays_label,92,311211,90825
quoi,maison,309895,14149
gridrow,1,309809,24822
gridcolumn,1,309768,80521
postType,story,306820,202426
poch,,306629,272996
_sacat,14964,306541,138098
codom2nd_wet,1,306456,306343
num_recette,16441,305910,40
_fsrp,1,305056,281939
position,0,303133,197234
quand,3e+quart+20e+si%C3%A8cle,302090,32252
Echobox,1611683204,301726,10
redirect64,s6hJbOYWrSlI,300623,6013
foo,,298470,296937
clientId,ZW5fX05FWFQ-,297902,118922
Mois,12,297124,88200
vue,resume,296265,232043
yr,2024,296259,106281
rub,equip,295110,51254
e,2,294533,28116
colourwayid,60538656,294369,31
seller,0,293726,224967
mo,2,292460,26829
ajaxCalendar,1,292339,292339
month,12,290899,33971
fb,1,290732,289549
redirect_uri,,289592,23197
fromPage,2047675,288164,231468
what,,285044,208645
gch,1,284304,284304
setLanguage,en,283293,283108
menu,1,282402,26310
new_mot,aaaagiiyss,280846,1
name,small,280390,81112
base,ebook,280310,125277
amp%3Bamp%3Bcatalog,Ifremer%20Sextant,279106,202662
v1,,279053,6252
bgcolor,233039,277577,233926
goback,%2Eahp,276705,653
ufes_redirect,true,276297,276295
cd,0,273873,102126
id_rubrique,3,273398,23209
filter_6,Th%C3%A8se+ou+m%C3%A9moire+%2F+Thesis+or+Dissertation,272540,11171
filter_relational_operator_6,equals,272536,265416
filtertype_6,subject,272533,89839
module,post,272488,96316
links,660,271266,189845
quantity,1,271040,251748
bargain,,270385,270042
chunksize,48,270243,269586
review_back,ffffff,269884,154900
gamerTag,Knapsack%20plus%201,269146,108
numperpage,9,267838,77991
zoneid,2,267293,35693
keywords,,266648,57886
departement,Seine-et-Marne,265713,48501
news,-1,265341,148185
mod,quickView,264954,174516
start,0,264572,50457
categ_rech,0,261147,62905
max,50,260208,78749
browsesort,trend,259757,82242
ds_name,PDF,259736,259736
ut,RU,259480,4171
ru,account,258246,10823
direction,desc,258042,148181
sku,xphomeoem3,256493,128
redir,,255978,69050
referer,,254455,90692
amp%3Bf%5Bauthor%5D,961,254311,7715
originalReferer,,254221,247018
switches,,254204,139839
key2,797341,253529,49434
pagination_easy_mode,0,253174,252206
ou,Meaux,252831,33677
db,HOGENOM,252781,55957
spop_id,,252507,252500
amp%3Bamp%3Bf%5Bauthor%5D,4301,252072,8662
Features,Unopened%2520Box,251337,39468
n_ref_list,,249952,249952
amp%3Bamp%3Borganization,Ifremer,249853,104829
path,,249546,35647
general_state,,249128,249128
state,default,247404,7086
awc,16331_1560132859_67aa35c81b18433c84171bcd63c2033b,246772,75
REP_ID,0,246246,704
zone,2,246156,59854
prodid,269,244837,398
imgid,oMpAz-DN-9I,244703,1799
start_index,,242259,117308
land,0,241796,239366
rpp,10,240558,202790
onglet_select,1,240291,80264
wettbewerb,A1,240114,131366
username,,239617,1197
kontinent,0,239368,239366
lieblingsverein,0,239366,239366
activity,rating,237947,65127
type_data,0,237545,155696
etabRecherche,1,237495,171305
amp%3Bcat,50,237402,50517
changeselect,0,237364,156914
amp_client_id,CLIENT_ID(_),236130,233963
c2rText,Click%20to%20read,235899,235893
c2rWindow,_blank,235899,235899
c2rMode,external,235899,235894
c2rURL,,235897,233984
guiOverlay,1,235894,235894
startpage,1,235821,92650
oldid,0,235510,1879
mweb_unauth_id,{{default.session}},234064,232472
session,prices_address,233273,33034
word,,233260,1725
field,subject,232941,199469
z,14,232669,47576
filter_relational_operator_7,equals,231915,224893
filtertype_7,subject,231914,71433
filter_7,eng,231909,10629
uc-sb-sw,80896583,231519,138
object,movie,231158,107757
service,news,230282,25426
locale-attribute,en,229630,114559
response_type,code,229547,184330
_branch_match_id,a-e30%3D,228920,686
plan,4,228607,181667
stars,0,228570,95712
min,25,228332,78222
b,null,227744,12247
class_id,,227624,192486
pt,null,225815,185899
stringa,,225680,101209
Page,1,225217,98311
brand,14105,224323,15278
geo_continent_label,17,224215,142885
vectorid,229466,224135,215787
customid,,224032,93345
original_referer,,223369,140388
forum,ozap-vos-commentaires-sur-les-articles,222633,124811
avataritemtype,13150,220297,26657
exclu,16,219508,200923
rubrique,0,218545,38766
hc,21720,217926,5484
__lang,en-CA,217700,212388
logic,,216206,215532
customerId,4908,216132,138474
filter_relational_operator,equals,215914,215890
nomP,Brown,215476,870
codeU,14,215435,29248
stringt,,215189,112324
ccode,ITA,214448,71368
edge,0,214422,96780
correlation,operationId%3D2047675,214230,352
min_rating,,213919,94491
offrenumerique,3,213708,202187
ff3,2,213410,207075
list,2012,212949,39740
pvid,null,212255,466
scope,footer,212024,30382
diningMode,DELIVERY,211728,191742
scm,1007.44007.343449.0,211378,50226
typeDossier,inventaire+topographique,211363,163077
numdoc,147,211227,20109
mot,,211049,9451
p_lang,1,209455,166551
modctx,feed,209094,866
scm-url,1007.44007.343449.0,208155,50227
used,0,207973,201014
scm_id,1007.44007.343449.0,207775,50227
dq,editions:OCLC1025272787,207493,27523
genreid,,207183,207183
day,today,207064,38847
pagesize,56,206935,71330
act,Post,206493,30979
Porte,1,206258,152221
PT2,21,206073,197094
PT1,25,206073,60820
PT3,10,206051,179564
etal,0,205849,170450
preset,l,205754,205749
PT4,53,205751,204869
lgeo,1,204934,204357
sl,ML,203904,132569
listIndex,1,203712,9182
explicit,1,203683,203278
f%5B8%5D,thematique%3A515,203542,13006
sp.st,,203306,203271
pticket,hsx4rh45nbb3ftm2vepk13aqLm9p0XYgvi2trNNCQh8dDtZMRtw%3D,203237,689
xd,8f4cf0692808813cd3991856011313ac,203163,325
theme,un_base_theme,203144,14845
ikwsec,Books,202906,100537
story_id,24581768,202657,77
story_url,http%3A%2F%2F%2F2008%2F11%2F14%2Fdebt-deflation-bernanke-pf-ii-in_rl_1114croesus_inl.html,202629,3
search_mode,,202346,180945
fcstlength,72,201753,90467
product,twcRadarMosaic,200521,58276
link,f,200520,50453
starts_with,i,200507,6481
ads,1,199769,199643
assetTypeId,1,199474,171038
shotId,0,199470,42062
pos,f,199405,55845
marque,,198410,31291
cregn,QC,198384,197066
op,Rechercher+sur+judilibre,198247,56367
ergebnis,61772_261587,197690,69
file,,197493,13308
cm_mmc,inf_facebook_like,196616,60720
sellable,5,195597,1006
Vehicle%2520Make,Ford,194398,19070
request,GetMap,194390,2754
dep,ant,194236,54164
loc,o,194037,19170
verein,0,193692,136532
ouv_ean13,9782212113235,193589,78
marktwert,500000,192953,130186
Dest,ORL,192113,7798
option,com_content,191699,59225
filtertype_8,subject,191680,64002
filter_relational_operator_8,equals,191675,186146
filter_8,%5B2010+TO+2019%5D,191675,7213
paymentIds,1,191427,33660
printsec,frontcover,190779,189912
replytocom,1,190584,241
id_association,852077,190236,14
LKF,HRN,190176,149974
nomBlog2,gamopat,189476,2382
PROD,HOTEL,187761,144576
origine,56,187538,66554
channel,coin,185955,10584
art,all,185140,4808
motCNP,11,184569,10329
sr,a,184469,146050
idArticle,113795,183800,1155
etsrc,sdt,182631,182630
app,forums,182520,107110
startDate,01%2F13%2F2023,182120,9531
group_id,85678547@N00,182023,60805
PHPSESSID,,181826,52325
_udhi,15,181582,58569
M,A,181555,16551
goto,f_write_msg,181397,50119
set_id,7٫21576070836875E+016,181057,1831
pdp_npi,3%40dis!UAH!%D0%B3%D1%80%D0%BD.136.60!%D0%B3%D1%80%D0%BD.38.24!!!!!%40211b813b16909699352333340e5fe8!12000034251237093!coin!UA!2080786406,180729,1366
_udlo,15,180165,56829
orderDirection,desc,180138,108842
locationQuery,6252001,179635,141608
kpage,actu,179194,14414
categoryId,-999,179071,14696
num_reviews,10,178599,82650
dmTs,322604,178339,326
dmV1st,2523DE8A5046BBEFE4A54545705C975A,178313,326
fbclid,IwAR1MrGrEIs2SzL_YTCC6F6HGrTp7KYeGSAmwQhtGhrVqwTAxYl4Jzv1sG1Q,178262,98
epid,0,177068,1545
ORST,,176588,176504
fil,true,175391,79900
DID,0,175224,40437
mtrref,web.archive.org,174991,162459
imgtk,AFLRE71Pv1QGosRClA7eaab4CSxA9YLtFHilqB1nwfcQ9UGssUQvdx5GRlUgLyEC1aSZXquzLigLAu0nASW3A3j-bA6-FTNwbjHkzOdmpTzCgZrw6ryiDgU9KIM7b8B8lH_9UVcqYTFU,174245,2
parent,dota2.ru,173689,27500
vm,exempt,173004,118040
lastmodified,,172656,9642
availability,yes,171854,100044
variable,g-2,171837,3146
cp,b7c1074e5c0678bdbb36,171663,6042
params,5,171499,30401
annonce,offre,171288,109269
zone_geo,1,170945,77228
filter_value_1,H%C3%A9modynamique,169304,52081
filter_field_1,subject,169304,66859
filter_type_1,equals,169304,120503
sts,1,168597,167142
th,35,167913,11358
y,2005,167821,11871
Rf-400,53,167723,8341
filter_type_2,equals,167581,88730
filter_field_2,author,167581,89209
filter_value_2,b07934f9-a991-4df4-be30-90a665487816,167581,47909
X-Amz-Algorithm,AWS4-HMAC-SHA256,167250,167249
X-Amz-Credential,AKIAQYCGKMUHWDTJW6UD%2F20211026%2Fus-east-1%2Fs3%2Faws4_request,167238,1393
X-Amz-Expires,900,167235,70294
X-Amz-SignedHeaders,host,167235,166346
X-Amz-Date,20240419T004130Z,167235,53
X-Amz-Signature,6c93f46a59b6fa797abca5168c29102fc8ade87e625f46a559a7332ec1b61560,167232,7
layout,avis,166913,25706
hidebots,0,166692,68688
Rf-300,1944,166489,4296
sp,,166417,27107
filter_type_3,equals,166068,124059
filter_value_3,Proth%C3%A8ses+valvulaires+cardiaques,166068,25881
filter_field_3,subject,166068,82157
stylesheet,,165982,107378
filterquery,COAR1_1%3A%3ATexte%3A%3AP%C3%A9riodique%3A%3ARevue%3A%3AContribution+%C3%A0+un+journal%3A%3AArticle%3A%3AArticle+de+recherche,165772,6193
filtername,author,165765,112304
UID,05B730030-5D9C-51EC-006A-C0511A84484A,165749,534
CP,EUNS_AFF_AWIN_ES_759267_httpsofertonesyopinionescom_174483,165561,22724
id_sujet,,165466,6294
filter_field_4,author,165223,90797
filter_value_4,Aorte+--+R%C3%A9tr%C3%A9cissement,165223,14685
filter_type_4,equals,165223,115619
print,1,164817,96016
key,9o6AUlyNGOCwpY8m5SgAQ,164693,13861
filter_value_5,Mortalit%C3%A9,164501,12717
filter_type_5,equals,164501,121480
filter_field_5,author,164501,90693
Connector%2520A,RCA%252FPhono%2520Female,163743,27637
filter_value_6,b01a8f0b-d0e4-4055-9612-3b0586b1b48e,163594,27208
filter_type_6,equals,163594,84992
filter_field_6,author,163594,120290
spm,a2g0o.detail.0.0,163441,4789
ARG140,6٫84257620000831E+020,162737,4216
category,MERCV,162553,13948
pl,JTdCJTIyYWRkcmVzcyUyMiUzQSUyMlBvcnRsYW5kJTIyJTJDJTIycmVmZXJlbmNlJTIyJTNBJTIyQ2hJSkozU3BmUXNMbFZRUmtZWFI5dWE1Tmh3JTIyJTJDJTIycmVmZXJlbmNlVHlwZSUyMiUzQSUyMmdvb2dsZV9wbGFjZXMlMjIlMkMlMjJsYXRpdHVkZSUyMiUzQTQ1LjUxNTIzMiUyQyUyMmxvbmdpdHVkZSUyMiUzQS0xMjIuNjc4Mzg1MyU3RA%3D%3D,162273,5850
s-id,borderless_recommend_item_en,162189,131199
support,web,161978,150692
currentcontrol,addentry,161956,161956
rect,0,161849,301
mall_affr,pr3,161676,161571
filter_field_7,author,161310,96206
filter_type_7,equals,161310,126282
filter_value_7,COAR1_1%3A%3ATexte%3A%3AP%C3%A9riodique%3A%3ARevue%3A%3AContribution+%C3%A0+un+journal%3A%3AArticle%3A%3AArticle+de+recherche,161310,12383
isresa,1,161065,96296
Origin,FnacAff,159970,135540
webp,1,159204,158905
request_uuid,hOIklER8Tn84kFvThrdXosjsjymZ,158889,2
cdn-provider,Akamai,158887,57256
cregncmp1,QC,158680,157249
OrderInSession,0,158404,125920
IdArticle,,158361,3436
_immersiveMode,true,158340,158330
s_campaign,Google_BookSearch_organic,158143,62472
TTL,210420130216,157910,148
requiredtags%5B1%5D,english,157198,10173
filter_value_8,Roifman%2C+Idan,156707,9561
filter_field_8,author,156707,124906
filter_type_8,equals,156707,108773
NewsID,21429,156562,35
filtertype_9,subject,156235,46545
filter_relational_operator_9,equals,156235,151650
filter_9,eng,156235,9046
shipCountry,us,154707,101429
aprof,1122,154644,5554
library_path,charts_library,154326,154126
N,D,154304,16289
xml_source,RSSStats_chart.aspx%3Fid,154266,154126
amp%3Bamp%3Bgeo_pays_label,139,154046,78315
xsrfid,gCY_1LR1AGT-PFuMek7_n6TpwE2oqXBhCqE,153811,55
ikwidx,0,153305,43762
at_medium,Community_Management,153149,34252
at_campaign,Fan_pages,153137,34302
fe,true,153082,152024
sa,t,153046,58714
param_order,CNTRY-CN,152904,12345
amdata,enc%253A1ZcYU5A-LQ66j-yuAskWE9g81,152820,25
xtref,twitter.com,152797,144486
n_ref,0,152188,273
filter_value_9,Ruel%2C+Marc,151132,9591
filter_type_9,equals,151132,111217
filter_field_9,author,151132,116263
Date,2002,150293,16165
referredBy,https%253a%252f%252fmarketplace,149912,149911
transport,polling,149820,149816
EIO,3,149817,148939
geo,1,149654,69586
dt,2,149627,68603
obj,feed,149580,80020
cmediafile,,149564,74
redirect_to,,149088,19331
disableNav,YES,148921,148921
parentReaction,883f3bdf-5e0c-460a-a4f2-25c678e42ca9,148704,20
pha_manifest,ssr,148684,148118
exportCountry,US,148649,821
dgvPublication,no,148098,80843
abv,A,146841,91838
var,,146770,40511
backButtonPath,kokosnussananas-sirup%3Freply%3D3bd7ff80-395d-11e3-a7a7-33da342c6149,146433,12
Gender,Unisex,146431,56346
media,TW,146270,82425
T2ID,T2ID,146017,216
LANG,en,145125,117746
productIds,3256804857981616,145036,558
alpha,0,145017,122832
TRK,H1-citylistMore,145011,72967
LH_Complete,1,144506,144506
geo_region_label,237,144444,17023
tg,lycos,144088,62684
noSplash,1,143756,143755
page_courante,2,143475,14723
force,true,143408,143296
filter_value_10,c9c2d873-05cf-437e-b60d-12ead0b46c15,143349,12848
filter_type_10,equals,143349,95440
filter_field_10,author,143349,111551
pn,1,143173,125073
smcid,ma,143148,319
LH_RPA,1,142856,142856
sc,SEARCH_SUGGESTION,142792,19231
ajax,affiche_listing_modo_commentaire,142786,126072
LH_Sold,1,142668,142668
LH_FS,1,142538,142535
utparam,%7B%22x_object_type%22%3A%22product%22%2C%22pvid%22%3A%226d7e9e8b-9f09-4810-ab9a-d7bdf5e6eafa%22%2C%22belongs%22%3A%5B%7B%22floor_id%22%3A%2240540093%22%2C%22type%22%3A%22dataset%22%7D%5D%2C%22pageSize%22%3A%2220%22%2C%22language%22%3A%22en%22%2C%22scm%22%3A%221007.37449.380824.0%22%2C%22countryId%22%3A%22UA%22%2C%22tpp_buckets%22%3A%2227449%230%23380824%2312_27449%2316820%23463274%235_27449%2313948%23464132%232_27449%2315046%23477699%238%22%2C%22x_object_id%22%3A%221005006458062312%22%7D,142359,318
tx_smsgactivities%5Bfilter%5D%5B3%5D,subject%3AGraphs,142272,13881
cityId,68066,142148,1190
ssai,0,142046,128994
titre,,141826,50255
geozone,country-group%3Aworld,141793,30111
tx_cspqaudiences_audiences%5Baction%5D,show,141440,140987
tx_cspqaudiences_audiences%5Bcontroller%5D,Audiences,141432,141432
id_prod,,141152,12965
tx_cspqaudiences_audiences%5Baudiences%5D,130,140986,2496
annee,2019,140318,15295
pageSize,5,139810,70962
sty,,139627,121033
storeId,10001,139584,132523
Contexte,add_hit_meta%3Dhtml_simple_view%2540html_simple_view%26s%3Dissued_time%26start%3D0%26q%3D%2528type%253Adata%2BOR%2Btype%253Aarticle%2BOR%2Btype%253AQuestion%2BOR%2Btype%253AIdee%2BOR%2Btype%253Aapplication%2529%26sa%3D0%26nresults%3D8%26lang%3Dfr,139488,1459
typeRecherche,TOUS,139329,118546
tx_smsgactivities%5Bfilter%5D%5B2%5D,grade%3AGrade+12+and+Over,139145,18389
rand,S3WxGHAgAt756EpznwfNzJq2AFA2qBNla3j6EINUS8We9dazM_iKElp8DwVSHZUevpC41Bx7RzivXIj9RnZgdg,138900,663
hidemyself,1,137822,126388
showtopic,47698,137463,736
siteid,0,136608,105491
back,1,135674,74377
langId,-2,135333,123913
form_recherche_avancee,ok,134951,134951
LH_Savings,1,134819,134819
LH_AS,1,134209,134209
style,,134157,24622
ident,SCRATCH,134027,40508
order_by,most_recent,133716,58679
tp,1,133437,17230
filter_value_11,Thompson%2C+Chris,133392,6678
filter_field_11,author,133392,96770
filter_type_11,equals,133392,87705
api_mode,commentaire,133301,124828
fits,Men,133254,64194
num_mess_pp,20,133225,123533
Facet,Top,133175,4771
tx_smsgactivities%5Bfilter%5D%5B4%5D,grade%3AGrade+8,132971,13860
dept,,132580,8612
LH_AV,1,132424,132424
num,1,132191,4019
LH_BOPIS,1,132157,132157
recherche,ordonnances,131562,30986
meaning,Favorable,130787,18298
endDate,01%2F15%2F2023,130779,9531
auth,publik,130724,69581
cregncmp2,QC,130723,130701
DispCurr,USD,130723,113710
hideminor,1,130614,118024
bannerid,905,130599,12684
locale_currency_code,USD,130379,122867
poiType,site,130142,34342
id_message,807494,130064,16
deeplink,narviiapp%3A,129531,108153
PREVISIONS_PORTLET.path,previsionsregion,129531,40014
CB,cobrand,129374,129165
CBID,lycos,129166,64843
amp%3Borganization,D%C3%A9partement%20de%20la%20Mayenne,129155,50572
hideanons,1,129046,118528
SubTreeArray,196378,128999,102466
auteurs,Breton,128535,558
Strength,%252B1%252E00%2520strength,128381,61142
xtdate,20081208,128364,967
infotourfd,gites64_38,127849,10985
go,Go,127617,15616
ga_search_query,,127558,28427
return_to,find-and-update,127546,11674
appHubSubSection,1,127545,45670
_eu_strasbourg_portlet_place_schedule_PlaceSchedulePortlet_date,2022-08-01,127270,33
pdp_ext_f,%7B%22ship_from%22:%22CN%22,127109,82445
forum_id,3,127015,53258
SWJIYLWA,719d34d31c8e3a6e6fffd425f7e032f3,126893,126135
tete,,126846,89934
filter_10,eng,126792,6105
filtertype_10,subject,126785,40673
filter_relational_operator_10,equals,126785,122366
refresh,1,126505,119237
searcho,,126454,121717
productType,SIC,126269,48799
country,US,125914,22643
Occasion,Casual,125795,52220
apiKey,089ed4e892fb0dfdf34eb81e6f2521aa,125641,69606
ga_search_type,all,125464,122445
ga_view_type,gallery,125411,125399
Year,2016,125310,7180
itemId,,125139,5282
CC,,125074,38126
ptag,js,125073,125071
refer,searchsimilart,124707,29720
ga_order,most_relevant,124583,123301
api,7db9fe61-7414-47b5-9871-e17d87b8b6a0,124562,71266
pr,,124391,81388
soc,843046,124381,5545
catalogId,10051,124207,65617
editeur,gallimard,124024,1521
location,PDP,123588,46793
tx_smsgactivities%5Bfilter%5D%5B5%5D,grade%3AGrade+8,123565,13766
header_text,Customer+Reviews,123558,51302
select_tri_recherche,pertinence,123255,117531
pageid,program,122740,15296
stx,A,122672,5707
pref_language,en-US,122623,114658
srub,tech,122358,66442
search_api_fulltext,,122172,52760
nid,%(nid)s,121689,5177
refine,1,121487,5748
CLICKED_LINK,TRUE,121283,121283
qpid,632165,121194,4
filter_value_12,0717937d-39db-48ce-aa07-6d260fff8cb2,121114,6186
filter_type_12,equals,121114,80848
filter_field_12,author,121114,91237
tx_solr%5Bq%5D,,120744,119163
GenusName,Gadus%09%09,120714,4482
p_id_domn,240,120584,25848
SpeciesName,morhua%09%09,120568,4235
tx_smsgactivities%5Bfilter%5D%5B1%5D,subject%3AFunctions,120473,18975
sharer,20473199,120360,225
f%5B9%5D,thematique%3A515,119948,8989
re,1100x784,119937,20529
ida,,119144,10738
value,1,119027,555
pageId,program,118969,27892
needQuery,n,118580,117894
vc,false,118289,118033
list_index,,118279,116529
pub,5575044441,117511,19966
ModereCommentC,0,117264,105645
ALIAS2,www.gamopat.com,117264,2261
AlertEmail2,1,117264,83060
ges,resa,116718,114642
theme_id,84,116695,35921
downloadType,GameAddon,116151,38338
vq,l%27autorit%C3%A9,115888,1072
mcid,42383,115095,46417
reference,,115088,14196
representationType,vector,114788,78245
time%5B0%5D,1596232800,114330,34229
pgpr1,mtg121_resultrechr_01.asp,114279,73796
LIEUID,FRANCE,114028,5187
fp,2,114019,30194
amp,1,113924,87389
login,1,113848,31947
co,,113798,22642
Service,1,113773,57023
download,0,113432,67942
IdBlog2,15380,112754,2317
id_forum,1,112484,31974
eid,903,112348,223
Connector%2520B,RCA%252FPhono%2520Male,112107,26252
ctp,2,112053,35188
time%5B1%5D,1554069600,111949,20228
time%5B2%5D,1522533600,111894,5215
pf,pc-160001,111839,21744
trm,0,111676,342
fi,18,111318,60152
tx_smsgactivities%5Bfilter%5D%5B6%5D,grade%3AGrade+9,111245,10623
search_id,unanswered,111121,24939
amp%3Bcatalog,G%C3%89OPAL,110762,69064
listCount,2,110393,2731
a_aid,40196,110317,5494
idsa,0,109585,69583
midToken,AQFtk7N6JOc2lw,109129,4936
autoplay,1,109064,63228
Itemid,99999999,108935,7322
context,instore,108580,56154
dirid,101,108462,61381
sf,Author,108294,71071
filter_type_13,equals,107871,73692
filter_field_13,author,107871,79377
filter_value_13,8ec20e6f-a577-4fc9-baa7-e705f7dffc00,107871,7131
beliebtheit_page,2,107647,32488
matrix,1164481518442,107568,10
businessType,ProductDetail,107230,89639
app_version,1716534432,107194,36200
panneau,787241577,107099,4
imgeng,,107084,106614
parent_id,,106887,178
feed_data_id,1425810,106825,20
idcritique,18751,106713,7
pinPids,3256804857981616%3A12000031433806496,106367,555
time%5B3%5D,1577833200,106125,5372
tx_solr%5Bfilter%5D%5B2%5D,member_expertises%3A2,105993,32173
hideGxo,1,105667,105667
deb,120915,105391,13346
Theme,Holiday,105222,19734
cad,4,105070,36551
per_page,30,104965,78991
detected_currency_code,USD,104938,97345
part,3,104919,17877
contentId,Content_CA_FRM_0_ctl03_LoadingContent,104642,3041
bestForIds,1,104569,17874
gift_card,1,104348,99572
genus,Cerithium,104325,874
_r,0,103996,50968
nbj,7,103770,90690
attrRel,or,103488,101776
out,2,103319,98079
diff,prev,102763,36137
v2,,102678,6272
include,recording.inc.php,102488,9199
to,,102366,35523
amp%3Bexclu,16,102255,99159
output,html_text,102249,47243
summary,,102038,34808
ext,jpg,101251,47994
crefn1,fanzoneReleaseDate,101151,89207
fdid,articles-online,101116,80088
prompt,false,101100,56727
s2,5,101024,9938
pratique-et-traitement-archivistique,Z2Z2PV79,101023,20074
rayon,30,100930,19188
usm,12,100801,100801
mid,36342,100781,1417
gender,F,100448,36725
tx_cspqaudiences_audiences%5Bvpartie%5D,1,100407,33968
license,lov2,100147,59870
ab,%7B%22translation_profiler.profiling%22%3A%5B%22on%22%2C%22x%22%5D%2C%22translation_profiler.logging%22%3A%5B%22on%22%2C%22x%22%5D%2C%22translation_profiler.backend_event_logging%22%3A%5B%22on%22%2C%22x%22%5D%2C%22localization.everywhere_removal%22%3A%5B%22off%22%2C%22x%22%5D%2C%22international.languages.el%22%3A%5B%22off%22%2C%22x%22%5D%2C%22international.languages.pl%22%3A%5B%22off%22%2C%22x%22%5D%2C%22security_rule%22%3A%5B%22on%22%2C%22x%22%5D%2C%22sigsci_agent%22%3A%5B%22on%22%2C%22x%22%5D%2C%22embedsy%22%3A%5B%22off%22%2C%22x%22%5D%2C%22csp%22%3A%5B%22off%22%2C%22w%22%5D%2C%22blog_cookie.bootstrap_cookie_minting%22%3A%5B%22on%22%2C%22x%22%5D%2C%22perf_aa_1%22%3A%5B%22off%22%2C%22w%22%5D%2C%22perf_aa_50%22%3A%5B%22on%22%2C%22w%22%5D%2C%22admin_toolbar%22%3A%5B%22off%22%2C%22x%22%5D%2C%22enabled_locale_subdirectories%22%3A%5B%22off%22%2C%22x%22%5D%2C%22fei.asset_cluster%22%3A%5B%22on%22%2C%22x%22%5D%2C%22affiliates.publishing.user_publishers%22%3A%5B%22off%22%2C%22x%22%5D%2C%22merch_stash.admin_toolbar_button%22%3A%5B%22off%22%2C%22x%22%5D%2C%22localization.locale_overlay_redesign%22%3A%5B%22off%22%2C%22w%22%5D%2C%22simplified_locale_experience%22%3A%5B%22off%22%2C%22x%22%5D%2C%22buyer_invites_recipients%22%3A%5B%22on%22%2C%22x%22%5D%2C%22buyer_invites_senders%22%3A%5B%22both%22%2C%22x%22%5D%2C%22buyer_invites.sender_currencies.USD%22%3A%5B%22off%22%2C%22x%22%5D%2C%22intelligent_item_reporter_overlay%22%3A%5B%22on%22%2C%22x%22%5D%2C%22fei_fontloader%22%3A%5B%22off%22%2C%22x%22%5D%2C%22perf_navigator_sendbeacon%22%3A%5B%22on%22%2C%22w%22%5D%2C%22refactored_footer%22%3A%5B%22on%22%2C%22x%22%5D%2C%22new_event_logger%22%3A%5B%22on%22%2C%22x%22%5D%7D,99757,9223
block,0,99650,38197
root_id,39584,99346,772
frs,1,99328,99278
siteId,a21c19fea7f54aa0bcbcb06c220e3fcd,99229,46882
platform,AE,99210,75102
filetype,11,99205,97672
page_guid,9731cbf4096d494ca66075113c854c8e,99003,2
CommonName,Eqaluk,98877,4
